City_ID,City,Country,Date,Lat,Lng,Max Temp,Humidity,Cloudiness,Wind Speed
0,Flin Flon,CA,2021-10-09 16:10:47,54.7682,-101.865,46.74,65,41,8.63
1,Mutoko,ZW,2021-10-09 16:10:47,-17.397,32.2268,82.56,27,73,9.1
2,Katsuura,JP,2021-10-09 16:10:47,35.1333,140.3,71.19,85,34,7.23
3,Mahebourg,MU,2021-10-09 16:10:48,-20.4081,57.7,72.25,77,34,18.68
4,Freeport,US,2021-10-09 16:09:32,40.6576,-73.5832,70.18,66,90,8.01
5,Albany,US,2021-10-09 16:08:26,42.6001,-73.9662,65.8,74,100,1.01
6,Mizan Teferi,ET,2021-10-09 16:10:48,6.9833,35.5833,63.75,96,100,2.64
7,Kapaa,US,2021-10-09 16:10:48,22.0752,-159.319,75.52,74,40,7.0
8,Tezpur,IN,2021-10-09 16:06:35,26.6333,92.8,76.59,91,0,0.69
9,Thompson,CA,2021-10-09 16:10:49,55.7435,-97.8558,47.01,53,44,6.17
10,Hermanus,ZA,2021-10-09 16:10:49,-34.4187,19.2345,68.9,66,8,6.02
11,Porto Novo,BJ,2021-10-09 16:10:49,6.4965,2.6036,84.43,71,100,8.59
12,Cabo San Lucas,MX,2021-10-09 16:10:49,22.8909,-109.9124,89.91,47,1,3.0
13,Bredasdorp,ZA,2021-10-09 16:10:50,-34.5322,20.0403,67.28,55,16,8.9
14,Hilo,US,2021-10-09 16:09:22,19.7297,-155.09,75.27,91,90,6.91
15,Campo Maior,BR,2021-10-09 16:10:50,-4.8278,-42.1686,94.68,35,84,6.76
16,Busselton,AU,2021-10-09 16:10:50,-33.65,115.3333,46.09,80,2,9.48
17,Atar,MR,2021-10-09 16:10:51,20.5169,-13.0499,103.08,8,98,14.94
18,Ponta Delgada,PT,2021-10-09 16:10:51,37.7333,-25.6667,74.12,73,20,11.5
19,Tupik,RU,2021-10-09 16:10:51,54.4253,119.9327,29.43,82,100,4.03
20,Cidreira,BR,2021-10-09 16:10:52,-30.1811,-50.2056,63.5,84,100,20.22
21,Paamiut,GL,2021-10-09 16:10:52,61.994,-49.6678,35.17,38,2,0.78
22,Ponta Do Sol,PT,2021-10-09 16:10:52,32.6667,-17.1,80.01,68,23,1.59
23,Dikson,RU,2021-10-09 16:10:52,73.5069,80.5464,30.27,63,100,21.54
24,Aswan,EG,2021-10-09 16:10:53,24.0934,32.907,94.57,17,1,12.75
25,Rikitea,PF,2021-10-09 16:10:53,-23.1203,-134.9692,73.98,81,8,16.93
26,Maningrida,AU,2021-10-09 16:10:53,-12.0667,134.2667,76.55,84,90,6.64
27,Asau,RO,2021-10-09 16:10:54,46.4333,26.4,50.76,53,98,4.81
28,Carnarvon,AU,2021-10-09 16:10:54,-24.8667,113.6333,64.47,72,0,20.71
29,Trzebiatow,PL,2021-10-09 16:10:54,54.0615,15.2648,58.86,49,22,7.23
30,Deputatskiy,RU,2021-10-09 16:08:44,69.3,139.9,15.76,86,100,4.83
31,Adamas,GR,2021-10-09 16:10:55,36.7333,24.4333,71.02,77,4,0.43
32,Portland,US,2021-10-09 16:10:42,45.5234,-122.6762,52.38,87,75,3.0
33,Marienburg,PL,2021-10-09 16:10:55,54.0359,19.0266,49.66,48,98,5.1
34,Erenhot,CN,2021-10-09 16:10:55,43.6475,111.9767,41.54,59,78,11.21
35,Gambela,ET,2021-10-09 16:10:55,8.25,34.5833,73.22,96,100,7.99
36,Cape Town,ZA,2021-10-09 16:07:37,-33.9258,18.4232,69.12,45,1,12.88
37,Ribeira Grande,PT,2021-10-09 16:10:56,38.5167,-28.7,73.8,73,40,18.41
38,Faanui,PF,2021-10-09 16:10:56,-16.4833,-151.75,77.59,72,11,6.22
39,Belmonte,BR,2021-10-09 16:10:56,-15.8631,-38.8828,73.9,72,96,11.39
40,Saskylakh,RU,2021-10-09 16:10:57,71.9167,114.0833,10.62,100,100,2.66
41,Wewak,PG,2021-10-09 16:10:57,-3.5534,143.6268,80.11,85,59,6.13
42,Mataura,NZ,2021-10-09 16:10:57,-46.1927,168.8643,41.49,97,35,3.06
43,Castro,BR,2021-10-09 16:10:58,-24.7911,-50.0119,57.13,98,100,4.7
44,Kodiak,US,2021-10-09 16:10:58,57.79,-152.4072,49.51,46,90,9.22
45,Airai,TL,2021-10-09 16:09:03,-8.9266,125.4092,58.77,76,57,1.61
46,Tasiilaq,GL,2021-10-09 16:10:58,65.6145,-37.6368,35.76,71,80,7.02
47,Beyneu,KZ,2021-10-09 16:10:59,45.3167,55.2,52.97,42,0,7.99
48,Ixtapa,MX,2021-10-09 16:10:59,20.7,-105.2,89.22,79,90,5.75
49,New Norfolk,AU,2021-10-09 16:10:59,-42.7826,147.0587,47.7,65,41,3.0
50,Punta Arenas,CL,2021-10-09 16:08:35,-53.15,-70.9167,60.91,44,40,27.63
51,Lagoa,PT,2021-10-09 16:10:59,39.05,-27.9833,69.84,72,16,16.84
52,Faya,SA,2021-10-09 16:10:15,18.3851,42.4509,72.12,33,38,10.63
53,Ushuaia,AR,2021-10-09 16:08:56,-54.8,-68.3,47.82,66,40,6.91
54,Yerbogachen,RU,2021-10-09 16:11:00,61.2767,108.0108,35.91,96,100,15.48
55,Hami,CN,2021-10-09 16:11:00,42.8,93.45,45.77,33,0,1.57
56,Atuona,PF,2021-10-09 16:08:36,-9.8,-139.0333,77.72,71,14,19.06
57,Tuktoyaktuk,CA,2021-10-09 16:11:01,69.4541,-133.0374,29.08,89,93,7.7
58,Nago,JP,2021-10-09 16:11:01,26.5881,127.9761,82.47,82,8,17.18
59,Saint-Pierre,RE,2021-10-09 16:11:02,-21.3393,55.4781,73.08,77,90,17.27
60,Sonoita,MX,2021-10-09 16:11:02,31.85,-112.8333,76.53,26,0,3.62
61,Arauca,CO,2021-10-09 16:11:02,7.0847,-70.7591,87.1,61,35,2.89
62,Georgetown,MY,2021-10-09 16:07:04,5.4112,100.3354,81.9,86,20,0.0
63,Barrow,US,2021-10-09 16:08:56,71.2906,-156.7887,30.22,69,90,9.22
64,Rawatbhata,IN,2021-10-09 16:11:03,24.9333,75.5833,81.75,48,55,2.64
65,Gamboma,CG,2021-10-09 16:11:03,-1.8764,15.8644,85.86,62,96,3.18
66,Saldanha,ZA,2021-10-09 16:09:48,-33.0117,17.9442,61.86,74,0,17.29
67,East London,ZA,2021-10-09 16:11:04,-33.0153,27.9116,65.37,67,13,23.87
68,Rocha,UY,2021-10-09 16:09:13,-34.4833,-54.3333,65.66,55,32,11.68
69,Beian,NO,2021-10-09 16:11:04,63.6559,9.5683,60.01,88,75,4.61
70,Vaini,TO,2021-10-09 16:11:04,-21.2,-175.2,69.96,94,75,4.61
71,Shache,CN,2021-10-09 16:11:04,38.4167,77.2406,51.42,25,23,9.22
72,Kattivakkam,IN,2021-10-09 16:11:05,13.2167,80.3167,86.09,75,98,12.33
73,Jamestown,US,2021-10-09 16:11:05,42.097,-79.2353,65.71,97,90,11.01
74,San Isidro,PE,2021-10-09 16:11:05,-12.1167,-77.05,62.26,85,90,1.99
75,Norman Wells,CA,2021-10-09 16:11:06,65.282,-126.8329,30.34,93,100,3.02
76,Nikolskoye,RU,2021-10-09 16:11:06,59.7035,30.7861,53.87,79,100,6.35
77,Nieuwpoort,BE,2021-10-09 16:11:06,51.1244,2.7735,64.22,77,6,6.91
78,Limon,CR,2021-10-09 16:11:06,10.0,-83.0333,82.29,83,75,3.44
79,Lakki Marwat,PK,2021-10-09 16:11:07,32.6079,70.9114,89.67,25,0,5.53
80,Nantucket,US,2021-10-09 16:08:08,41.2835,-70.0995,65.01,81,99,21.9
81,Puno,PE,2021-10-09 16:11:07,-15.8333,-70.0333,55.2,52,94,7.9
82,Beringovskiy,RU,2021-10-09 16:11:08,63.05,179.3167,30.16,91,100,7.61
83,San Luis,AR,2021-10-09 16:11:08,-33.295,-66.3356,67.89,38,75,7.83
84,Luderitz,NA,2021-10-09 16:11:08,-26.6481,15.1594,70.84,50,4,26.98
85,Grindavik,IS,2021-10-09 16:11:08,63.8424,-22.4338,46.9,87,90,13.8
86,Qaanaaq,GL,2021-10-09 16:11:09,77.484,-69.3632,25.32,94,100,11.39
87,Ewa Beach,US,2021-10-09 16:07:32,21.3156,-158.0072,76.98,69,20,11.01
88,Arraial Do Cabo,BR,2021-10-09 16:11:09,-22.9661,-42.0278,71.46,64,90,11.5
89,Leningradskiy,RU,2021-10-09 16:11:09,69.3833,178.4167,16.27,94,100,4.18
90,Victoria,HK,2021-10-09 16:08:26,22.2855,114.1577,80.58,94,100,8.99
91,Avarua,CK,2021-10-09 16:11:10,-21.2078,-159.775,66.25,94,98,1.14
92,Chokurdakh,RU,2021-10-09 16:08:58,70.6333,147.9167,0.68,100,98,4.59
93,Kungurtug,RU,2021-10-09 16:11:10,50.5994,97.5228,24.48,83,16,2.62
94,Severo-Kurilsk,RU,2021-10-09 16:11:10,50.6789,156.125,43.3,80,39,10.83
95,Souillac,MU,2021-10-09 16:11:11,-20.5167,57.5167,72.36,78,33,17.18
96,Kavieng,PG,2021-10-09 16:09:55,-2.5744,150.7967,80.94,80,99,8.43
97,Itarema,BR,2021-10-09 16:11:11,-2.9248,-39.9167,88.45,58,51,19.6
98,Hirara,JP,2021-10-09 16:11:11,24.8,125.2833,82.65,80,17,22.46
99,Hampton,US,2021-10-09 16:11:12,37.0299,-76.3452,75.4,88,75,16.11
100,Salta,AR,2021-10-09 16:10:34,-24.7859,-65.4117,70.39,53,75,1.99
101,Puerto Ayora,EC,2021-10-09 16:08:38,-0.7393,-90.3518,76.96,81,98,11.7
102,Avera,US,2021-10-09 16:11:12,33.194,-82.5271,75.7,78,43,12.26
103,Sambava,MG,2021-10-09 16:11:12,-14.2667,50.1667,74.8,70,21,15.35
104,Gazalkent,UZ,2021-10-09 16:11:12,41.5581,69.7708,44.96,95,100,5.59
105,Port Alfred,ZA,2021-10-09 16:11:13,-33.5906,26.891,64.31,71,1,21.83
106,Puerto Escondido,MX,2021-10-09 16:11:13,15.85,-97.0667,85.69,59,99,2.48
107,Olafsvik,IS,2021-10-09 16:11:13,64.8945,-23.7142,42.71,85,90,22.26
108,Assiniboia,CA,2021-10-09 16:10:54,49.6334,-105.9845,54.81,53,79,7.96
109,Vestmannaeyjar,IS,2021-10-09 16:11:14,63.4427,-20.2734,49.19,87,40,12.66
110,Santa Cruz Del Norte,CU,2021-10-09 16:09:19,23.1539,-81.9236,84.94,66,100,5.08
111,Salalah,OM,2021-10-09 16:11:14,17.0151,54.0924,82.49,83,20,6.91
112,Sinop,TR,2021-10-09 16:11:15,41.7711,34.8709,59.43,96,82,4.59
113,Uruzgan,AF,2021-10-09 16:11:15,32.8333,66.0,60.8,25,0,1.59
114,Port Elizabeth,ZA,2021-10-09 16:11:15,-33.918,25.5701,66.09,65,0,16.53
115,Laguna,US,2021-10-09 16:11:15,38.421,-121.4238,59.09,77,1,1.01
116,Trincomalee,LK,2021-10-09 16:11:16,8.5711,81.2335,82.45,73,100,17.18
117,Muisne,EC,2021-10-09 16:11:16,0.6,-80.0333,78.91,79,100,8.66
118,Meulaboh,ID,2021-10-09 16:11:16,4.1363,96.1285,78.67,86,85,7.58
119,Kaitangata,NZ,2021-10-09 16:11:17,-46.2817,169.8464,41.47,95,44,4.27
120,Kahului,US,2021-10-09 16:11:17,20.8947,-156.47,74.84,89,40,13.8
121,Noyabrsk,RU,2021-10-09 16:11:17,63.1994,75.4507,30.06,78,91,25.28
122,Muzhi,RU,2021-10-09 16:11:17,65.3667,64.6667,30.97,66,3,16.17
123,Mazagao,BR,2021-10-09 16:11:18,-0.115,-51.2894,98.65,36,81,6.08
124,Port Hedland,AU,2021-10-09 16:11:18,-20.3167,118.5667,69.85,83,0,6.91
125,Trairi,BR,2021-10-09 16:09:06,-3.2778,-39.2689,86.65,60,70,15.84
126,Richards Bay,ZA,2021-10-09 16:10:23,-28.783,32.0377,68.85,82,56,18.75
127,Lompoc,US,2021-10-09 16:11:19,34.6391,-120.4579,65.57,70,1,0.0
128,Pevek,RU,2021-10-09 16:11:19,69.7008,170.3133,23.81,92,100,2.28
129,La Roda,ES,2021-10-09 16:11:19,39.2167,-2.15,77.9,37,52,6.58
130,Ayacucho,PE,2021-10-09 16:11:19,-13.1583,-74.2239,71.46,35,75,4.61
131,Hobart,AU,2021-10-09 16:08:23,-42.8794,147.3294,48.06,72,40,3.0
132,Tuatapere,NZ,2021-10-09 16:11:20,-46.1333,167.6833,41.83,91,11,4.59
133,Baghdad,IQ,2021-10-09 16:09:10,33.3406,44.4009,84.11,16,0,11.5
134,Marawi,PH,2021-10-09 16:11:20,7.9986,124.2928,64.65,91,100,0.45
135,Pangnirtung,CA,2021-10-09 16:11:20,66.1451,-65.7125,35.28,89,94,0.6
136,Padang,ID,2021-10-09 16:09:56,-0.9492,100.3543,78.58,88,39,2.42
137,Mulege,MX,2021-10-09 16:11:21,26.8833,-111.9833,88.12,41,0,4.81
138,Hofn,IS,2021-10-09 16:09:28,64.2539,-15.2082,47.75,84,100,2.82
139,Christchurch,NZ,2021-10-09 16:10:06,-43.5333,172.6333,50.02,91,70,1.99
140,Isla Vista,US,2021-10-09 16:11:21,34.4133,-119.861,66.43,68,1,3.44
141,Balingasay,PH,2021-10-09 16:11:22,16.3573,119.8564,81.52,81,87,3.74
142,Saint-Philippe,RE,2021-10-09 16:11:22,-21.3585,55.7679,72.99,83,55,14.5
143,Rantauprapat,ID,2021-10-09 16:11:22,2.1,99.8333,75.7,96,41,2.28
144,Eureka,US,2021-10-09 16:11:22,40.8021,-124.1637,53.64,93,26,3.36
145,Delijan,IR,2021-10-09 16:11:23,33.9905,50.6838,59.54,44,0,2.42
146,Sumbe,AO,2021-10-09 16:11:23,-11.2061,13.8437,76.5,73,64,9.08
147,Kabalo,CD,2021-10-09 16:11:23,-6.05,26.9167,86.9,41,71,3.4
148,Saint George,US,2021-10-09 16:11:24,37.1041,-113.5841,63.07,90,40,1.99
149,Lucapa,AO,2021-10-09 16:11:24,-8.4192,20.7447,86.09,32,21,2.95
150,Bathsheba,BB,2021-10-09 16:11:24,13.2167,-59.5167,88.41,70,40,13.8
151,Bluff,NZ,2021-10-09 16:11:24,-46.6,168.3333,41.81,91,54,9.17
152,Te Anau,NZ,2021-10-09 16:11:25,-45.4167,167.7167,39.72,91,23,0.98
153,Kruisfontein,ZA,2021-10-09 16:11:25,-34.0033,24.7314,63.88,63,8,15.41
154,Umm Lajj,SA,2021-10-09 16:11:25,25.0213,37.2685,84.94,68,24,7.92
155,Upernavik,GL,2021-10-09 16:11:26,72.7868,-56.1549,30.72,52,100,11.65
156,Grand Gaube,MU,2021-10-09 16:11:26,-20.0064,57.6608,72.37,72,13,10.0
157,Borzya,RU,2021-10-09 16:11:26,50.3833,116.5167,38.7,58,100,17.69
158,Virginia Beach,US,2021-10-09 16:09:52,36.8529,-75.978,75.42,76,100,1.99
159,Itaituba,BR,2021-10-09 16:11:26,-4.2761,-55.9836,98.91,33,90,4.63
160,Cartagena,CO,2021-10-09 16:09:12,10.3997,-75.5144,83.82,89,75,4.61
161,Iqaluit,CA,2021-10-09 16:11:27,63.7506,-68.5145,36.7,86,100,8.01
162,Harindanga,IN,2021-10-09 16:11:27,22.0383,88.3214,85.98,77,15,4.61
163,Mehamn,NO,2021-10-09 16:11:28,71.0357,27.8492,36.28,97,100,4.41
164,Namuac,PH,2021-10-09 16:11:28,18.6109,121.1657,79.5,89,80,7.47
165,Silveira,PT,2021-10-09 16:11:28,39.1112,-9.3643,78.39,80,95,7.0
166,Halifax,CA,2021-10-09 16:09:52,44.6453,-63.5724,58.21,57,2,1.99
167,Yendi,GH,2021-10-09 16:11:29,9.4427,-0.0099,89.47,61,100,4.36
168,Birin,NP,2021-10-09 16:11:29,26.8865,88.0718,61.93,89,1,3.31
169,Ambilobe,MG,2021-10-09 16:11:29,-13.2,49.05,77.18,59,78,6.73
170,Henties Bay,NA,2021-10-09 16:11:29,-22.116,14.2845,60.85,65,12,9.01
171,Krasnaya Zarya,RU,2021-10-09 16:11:30,52.7825,37.6806,43.18,57,1,3.89
172,Kirakira,SB,2021-10-09 16:11:30,-10.4544,161.9205,78.42,84,99,2.73
173,Kjollefjord,NO,2021-10-09 16:11:30,70.9457,27.3465,36.3,97,100,4.23
174,Narsaq,GL,2021-10-09 16:11:31,60.9167,-46.05,41.22,52,4,1.95
175,Bambous Virieux,MU,2021-10-09 16:08:37,-20.3428,57.7575,72.21,77,41,18.59
176,Auki,SB,2021-10-09 16:11:31,-8.7676,160.7034,76.41,88,100,2.84
177,Beboto,TD,2021-10-09 16:11:31,8.2668,16.939,84.27,73,92,3.09
178,Srednekolymsk,RU,2021-10-09 16:11:32,67.45,153.6833,9.45,96,90,4.43
179,Sisimiut,GL,2021-10-09 16:10:44,66.9395,-53.6735,32.49,70,100,8.48
180,Butaritari,KI,2021-10-09 16:11:32,3.0707,172.7902,81.52,67,79,14.58
181,Rypefjord,NO,2021-10-09 16:11:32,70.6333,23.6667,41.47,100,90,0.0
182,Esperance,AU,2021-10-09 16:11:33,-33.8667,121.9,53.51,62,95,6.93
183,Mar Del Plata,AR,2021-10-09 16:09:10,-38.0023,-57.5575,63.0,63,0,11.99
184,Sand Springs,US,2021-10-09 16:10:06,36.1398,-96.1089,82.98,52,1,9.22
185,Galle,LK,2021-10-09 16:07:25,6.0367,80.217,80.85,83,97,10.85
186,Hithadhoo,MV,2021-10-09 16:11:33,-0.6,73.0833,83.53,67,100,7.47
187,Margate,GB,2021-10-09 16:11:33,51.3813,1.3862,63.91,77,66,1.01
188,Awjilah,LY,2021-10-09 16:11:34,29.1081,21.2869,87.26,19,0,7.85
189,Norilsk,RU,2021-10-09 16:11:34,69.3535,88.2027,15.44,92,95,13.58
190,Ozernovskiy,RU,2021-10-09 16:11:34,51.5,156.5167,44.17,75,76,16.93
191,Komsomolets,KZ,2021-10-09 16:11:34,53.7453,62.0708,46.04,67,75,7.31
192,Maizuru,JP,2021-10-09 16:11:35,35.45,135.3333,75.61,88,18,6.4
193,Noumea,NC,2021-10-09 16:09:49,-22.2763,166.4572,60.78,74,35,8.81
194,Takoradi,GH,2021-10-09 16:11:35,4.8845,-1.7554,81.91,78,65,11.59
195,Manta,EC,2021-10-09 16:11:36,-0.95,-80.7333,76.78,73,20,8.05
196,Springbok,ZA,2021-10-09 16:11:36,-29.6643,17.8865,71.67,21,57,8.72
197,Kaniama,CD,2021-10-09 16:11:36,-7.5667,24.1833,83.48,43,52,3.8
198,Okhotsk,RU,2021-10-09 16:11:36,59.3833,143.3,25.74,80,31,9.98
199,Nanortalik,GL,2021-10-09 16:09:27,60.1432,-45.2371,38.75,77,20,3.89
200,Vila Do Maio,CV,2021-10-09 16:11:37,15.1333,-23.2167,93.99,79,7,14.12
201,South Lyon,US,2021-10-09 16:11:37,42.4606,-83.6516,72.79,83,8,1.01
202,Pyapon,MM,2021-10-09 16:11:37,16.2833,95.6833,77.88,89,87,6.06
203,Hohhot,CN,2021-10-09 16:11:38,40.8106,111.6522,43.83,37,88,7.38
204,Pueblo Nuevo,MX,2021-10-09 16:11:38,23.3833,-105.3833,72.27,41,4,0.89
205,Monterey,US,2021-10-09 16:11:38,36.2505,-121.2516,55.6,1,45,2.17
206,Walvis Bay,NA,2021-10-09 16:11:38,-22.9575,14.5053,61.09,57,25,17.22
207,Da Nang,VN,2021-10-09 16:11:39,16.0678,108.2208,82.45,83,20,1.14
208,Longyearbyen,SJ,2021-10-09 16:11:39,78.2186,15.6401,21.04,73,40,6.91
209,Xuanhua,CN,2021-10-09 16:11:39,40.6103,115.0447,49.23,42,50,14.72
210,San Luis Rio Colorado,MX,2021-10-09 16:10:19,32.4631,-114.7767,72.34,37,22,14.54
211,Yellowknife,CA,2021-10-09 16:11:40,62.456,-114.3525,42.42,99,100,8.01
212,Half Moon Bay,US,2021-10-09 16:09:37,37.4636,-122.4286,61.11,73,20,0.0
213,Provideniya,RU,2021-10-09 16:09:11,64.3833,-173.3,28.63,82,92,5.37
214,Lidzbark Warminski,PL,2021-10-09 16:11:40,54.1259,20.5795,48.0,52,77,4.94
215,Socuellamos,ES,2021-10-09 16:11:40,39.2858,-2.7921,78.37,32,24,6.8
216,Poum,NC,2021-10-09 16:11:41,-20.2333,164.0167,72.54,71,42,14.16
217,Lebu,CL,2021-10-09 16:11:41,-37.6167,-73.65,58.68,70,10,10.27
218,Coquimbo,CL,2021-10-09 16:11:25,-29.9533,-71.3436,60.53,63,20,11.5
219,Waipawa,NZ,2021-10-09 16:10:06,-41.4122,175.5153,51.46,90,89,10.69
220,Ilulissat,GL,2021-10-09 16:11:41,69.2167,-51.1,28.42,40,75,11.5
221,Canmore,CA,2021-10-09 16:11:42,51.0834,-115.3521,44.76,45,78,7.94
222,Sitka,US,2021-10-09 16:11:42,57.0531,-135.33,44.94,85,99,12.24
223,Mormugao,IN,2021-10-09 16:11:42,15.4,73.8,79.86,89,40,5.75
224,Buala,SB,2021-10-09 16:11:43,-8.145,159.5921,79.36,82,100,3.24
225,Aitape,PG,2021-10-09 16:11:43,-3.1374,142.3475,79.95,85,49,6.04
226,Kralovice,CZ,2021-10-09 16:11:43,49.9819,13.4875,54.03,45,0,6.4
227,Kendari,ID,2021-10-09 16:11:43,-3.945,122.4989,76.01,89,55,1.7
228,Tomatlan,MX,2021-10-09 16:11:44,19.9333,-105.25,84.65,73,100,3.13
229,Nioro,GM,2021-10-09 16:11:44,13.35,-15.75,88.9,61,88,8.61
230,Najran,SA,2021-10-09 16:08:52,17.4924,44.1277,82.74,25,26,13.8
231,Anchorage,US,2021-10-09 16:09:30,61.2181,-149.9003,42.84,91,90,3.0
232,Bandarbeyla,SO,2021-10-09 16:11:45,9.4942,50.8122,78.8,83,15,26.71
233,Ayagoz,KZ,2021-10-09 16:09:52,47.9714,80.4392,39.42,48,15,4.5
234,Khatanga,RU,2021-10-09 16:11:45,71.9667,102.5,16.59,96,100,3.33
235,Ribeira Brava,PT,2021-10-09 16:11:45,32.65,-17.0667,80.01,70,21,1.3
236,Husavik,IS,2021-10-09 16:11:46,66.0449,-17.3389,39.7,91,100,8.43
237,Southport,GB,2021-10-09 16:11:46,53.6478,-3.0065,63.09,88,75,3.44
238,Isangel,VU,2021-10-09 16:11:46,-19.55,169.2667,70.23,84,33,11.21
239,Clyde River,CA,2021-10-09 16:11:46,70.4692,-68.5914,34.02,74,32,11.41
240,Talnakh,RU,2021-10-09 16:11:47,69.4865,88.3972,13.95,90,86,14.76
241,Sao Joao Da Barra,BR,2021-10-09 16:08:20,-21.6403,-41.0511,71.69,75,100,8.21
242,Seydi,TM,2021-10-09 16:11:47,39.4816,62.9137,49.28,39,19,9.35
243,Toktogul,KG,2021-10-09 16:11:47,41.8708,72.9402,54.88,77,100,2.55
244,Mount Gambier,AU,2021-10-09 16:08:49,-37.8333,140.7667,46.87,65,94,3.62
245,Tazmalt,DZ,2021-10-09 16:07:13,36.3868,4.3989,72.55,40,19,10.2
246,Hasaki,JP,2021-10-09 16:08:39,35.7333,140.8333,66.6,86,36,6.93
247,Ternate,ID,2021-10-09 16:11:48,0.8,127.4,81.09,80,100,2.35
248,Batagay-Alyta,RU,2021-10-09 16:11:48,67.8006,130.4114,19.56,75,100,3.56
249,Bengkulu,ID,2021-10-09 16:11:10,-3.8004,102.2655,77.85,90,42,5.32
250,Guilin,CN,2021-10-09 16:11:49,25.2819,110.2864,66.83,93,100,9.4
251,Ulcinj,ME,2021-10-09 16:11:49,41.9294,19.2244,60.93,75,88,13.38
252,Berlevag,NO,2021-10-09 16:11:49,70.8578,29.0864,37.24,93,100,7.18
253,Labuhan,ID,2021-10-09 16:11:49,-6.8844,112.2051,80.46,72,9,6.44
254,Port Blair,IN,2021-10-09 16:11:50,11.6667,92.75,79.83,85,99,15.03
255,Caravelas,BR,2021-10-09 16:11:50,-17.7125,-39.2481,77.99,64,96,8.88
256,Abu Samrah,SY,2021-10-09 16:11:50,35.3029,37.1841,80.15,19,0,5.23
257,Zhob,PK,2021-10-09 16:11:51,31.3411,69.4481,75.13,13,0,7.58
258,Uporovo,RU,2021-10-09 16:11:51,56.3109,66.2693,43.77,70,100,7.49
259,Suining,CN,2021-10-09 16:11:51,30.508,105.5733,63.48,77,47,10.16
260,Saint Andrews,US,2021-10-09 16:11:51,34.0454,-81.1293,75.31,76,75,1.99
261,Port-Gentil,GA,2021-10-09 16:11:52,-0.7193,8.7815,79.14,86,100,13.78
262,Korla,CN,2021-10-09 16:11:52,41.7597,86.1469,47.57,38,1,4.23
263,Vlasotince,RS,2021-10-09 16:11:52,42.9636,22.1231,47.07,96,100,2.51
264,Maceio,BR,2021-10-09 16:11:53,-9.6658,-35.7353,89.04,51,40,11.5
265,Rupert,US,2021-10-09 16:11:53,42.6191,-113.6772,44.55,76,90,16.11
266,Hobyo,SO,2021-10-09 16:11:53,5.3505,48.5268,78.78,82,38,13.53
267,Penapolis,BR,2021-10-09 16:11:53,-21.4197,-50.0775,95.4,30,12,3.27
268,Bilibino,RU,2021-10-09 16:11:54,68.0546,166.4372,-3.14,99,93,2.68
269,Juazeiro,BR,2021-10-09 16:11:54,-9.4117,-40.4986,91.58,38,0,12.66
270,Palu,ID,2021-10-09 16:11:54,-0.8917,119.8707,77.22,94,97,3.22
271,Vila Franca Do Campo,PT,2021-10-09 16:11:55,37.7167,-25.4333,73.81,66,22,9.57
272,Sao Filipe,CV,2021-10-09 16:11:55,14.8961,-24.4956,81.3,75,18,6.64
273,Verkhnedneprovskiy,RU,2021-10-09 16:11:55,54.9813,33.3457,42.19,64,70,2.44
274,La Ronge,CA,2021-10-09 16:11:01,55.1001,-105.2842,47.86,47,4,5.44
275,Ndola,ZM,2021-10-09 16:11:56,-12.9587,28.6366,85.82,20,71,4.85
276,Bonthe,SL,2021-10-09 16:11:56,7.5264,-12.505,83.28,72,93,12.82
277,Pierre,US,2021-10-09 16:09:20,44.3683,-100.351,70.05,82,75,8.01
278,Quetta,PK,2021-10-09 16:11:57,30.199,67.0097,66.45,18,0,5.44
279,Camocim,BR,2021-10-09 16:11:07,-2.9022,-40.8411,87.39,59,88,15.08
280,Tiksi,RU,2021-10-09 16:09:25,71.6872,128.8694,22.84,82,99,7.9
281,Tres Arroyos,AR,2021-10-09 16:11:57,-38.3739,-60.2798,67.41,42,0,5.73
282,Taoudenni,ML,2021-10-09 16:11:57,22.6783,-3.9836,105.1,6,68,1.95
283,Innisfail,AU,2021-10-09 16:10:40,-17.5333,146.0333,76.3,73,98,5.5
284,San Policarpo,PH,2021-10-09 16:11:58,12.1791,125.5072,79.75,81,100,17.49
285,Manhush,UA,2021-10-09 16:11:58,47.0558,37.3107,50.54,25,100,19.22
286,Semibratovo,RU,2021-10-09 16:11:58,57.3046,39.5369,46.26,64,88,7.16
287,Khorixas,NA,2021-10-09 16:11:58,-20.3667,14.9667,92.1,6,0,14.83
288,Sabang,ID,2021-10-09 16:11:59,5.8933,95.3214,82.89,80,91,19.44
289,Cherskiy,RU,2021-10-09 16:09:40,68.75,161.3,-0.26,100,96,4.09
290,Cockburn Town,TC,2021-10-09 16:10:31,21.4612,-71.1419,82.98,73,92,13.09
291,Sovetskiy,RU,2021-10-09 16:11:59,61.3614,63.5842,34.84,67,90,9.69
292,Road Town,VG,2021-10-09 16:12:00,18.4167,-64.6167,89.64,55,20,11.5
293,Khani,GE,2021-10-09 16:12:00,41.9563,42.9566,54.97,73,35,5.53
294,Tenenkou,ML,2021-10-09 16:12:00,14.4572,-4.9169,103.17,10,30,8.46
295,Bilma,NE,2021-10-09 16:12:00,18.6853,12.9164,95.0,11,7,2.04
296,Port Macquarie,AU,2021-10-09 16:08:31,-31.4333,152.9167,58.96,93,13,11.12
297,Hamilton,US,2021-10-09 16:10:49,39.1834,-84.5333,78.66,71,1,1.01
298,Klaksvik,FO,2021-10-09 16:12:02,62.2266,-6.589,50.92,83,64,14.83
299,Mwanza,TZ,2021-10-09 16:12:02,-2.5167,32.9,78.33,60,36,6.35
300,Alamogordo,US,2021-10-09 16:12:03,32.8995,-105.9603,81.57,32,1,4.0
301,Khuzdar,PK,2021-10-09 16:12:03,27.7384,66.6434,78.96,14,0,8.77
302,Hualmay,PE,2021-10-09 16:12:03,-11.0964,-77.6139,65.46,83,86,6.91
303,Lata,PT,2021-10-09 16:08:34,40.1629,-8.3327,81.05,53,88,4.29
304,Cururupu,BR,2021-10-09 16:12:04,-1.8283,-44.8683,87.24,59,79,7.99
305,Rawson,AR,2021-10-09 16:10:53,-43.3002,-65.1023,69.17,32,0,1.7
306,Fort Nelson,CA,2021-10-09 16:12:04,58.8053,-122.7002,38.8,74,66,2.93
307,Ohringen,DE,2021-10-09 16:12:04,49.2017,9.5039,61.59,63,0,7.76
308,Vao,NC,2021-10-09 16:12:05,-22.6667,167.4833,69.48,60,100,15.23
309,Alekseyevka,RU,2021-10-09 16:12:05,50.6309,38.6903,47.1,40,100,7.31
310,Codajas,BR,2021-10-09 16:12:05,-3.8367,-62.0569,96.42,42,100,3.4
311,Mogadishu,SO,2021-10-09 16:10:48,2.0371,45.3438,78.64,87,26,12.01
312,Utete,TZ,2021-10-09 16:12:06,-7.986,38.758,79.14,61,10,10.69
313,Mildura,AU,2021-10-09 16:12:06,-34.2,142.15,53.08,89,100,15.1
314,Palkino,RU,2021-10-09 16:12:06,57.5409,28.0126,47.95,58,90,4.65
315,Nerchinskiy Zavod,RU,2021-10-09 16:12:06,51.3088,119.61,35.06,97,100,16.53
316,Majitha,IN,2021-10-09 16:12:07,31.7583,74.9544,89.37,94,0,4.61
317,Lorengau,PG,2021-10-09 16:12:07,-2.0226,147.2712,81.61,77,84,4.72
318,Pangody,RU,2021-10-09 16:12:07,65.85,74.4859,29.5,85,100,17.85
319,Toguchin,RU,2021-10-09 16:12:08,55.2353,84.3858,43.12,74,79,9.6
320,San Quintin,MX,2021-10-09 16:12:08,30.4833,-115.95,67.86,69,5,17.02
321,Mandera,KE,2021-10-09 16:12:08,3.9366,41.867,93.27,28,68,13.71
322,Bam,IR,2021-10-09 16:12:08,29.106,58.357,73.92,23,0,11.88
323,Tezu,IN,2021-10-09 16:12:09,27.9167,96.1667,76.44,80,0,3.38
324,Vidalia,US,2021-10-09 16:12:09,32.2177,-82.4135,79.95,69,75,6.91
325,Pisco,PE,2021-10-09 16:09:13,-13.7,-76.2167,67.01,72,75,8.05
326,Geraldton,AU,2021-10-09 16:12:09,-28.7667,114.6,55.81,62,0,13.8
327,Cuicatlan,MX,2021-10-09 16:12:10,17.8,-96.9667,72.28,95,100,2.35
328,Mangochi,MW,2021-10-09 16:12:10,-14.4782,35.2645,81.18,35,3,3.69
329,Taltal,CL,2021-10-09 16:12:10,-25.4,-70.4833,63.12,59,0,7.02
330,Washington,US,2021-10-09 16:09:33,47.5001,-120.5015,49.96,56,100,3.27
331,Tari,NG,2021-10-09 16:12:11,12.4086,4.4914,96.82,28,100,4.16
332,Nelson Bay,AU,2021-10-09 16:12:11,-32.7167,152.15,67.68,70,1,11.95
333,Kavaratti,IN,2021-10-09 16:12:11,10.5669,72.642,82.81,78,100,11.7
334,Mlonggo,ID,2021-10-09 16:12:12,-6.5333,110.7,77.52,70,54,9.1
335,Kristiansund,NO,2021-10-09 16:09:20,63.1115,7.732,57.85,88,90,2.3
336,Atasu,KZ,2021-10-09 16:12:12,48.6814,71.6433,45.91,52,100,6.17
337,Mayo,US,2021-10-09 16:12:12,38.8876,-76.5119,72.25,81,90,10.0
338,Chany,RU,2021-10-09 16:12:13,55.3121,76.7647,41.43,76,99,6.31
339,Ostrovnoy,RU,2021-10-09 16:12:13,68.0531,39.5131,36.86,81,95,11.97
340,Tilichiki,RU,2021-10-09 16:09:54,60.4667,166.1,24.49,77,10,4.27
341,Evensk,RU,2021-10-09 16:12:13,61.95,159.2333,24.87,61,22,5.73
342,Khorramshahr,IR,2021-10-09 16:12:13,30.4397,48.1664,84.15,7,0,12.75
343,Kasongo-Lunda,CD,2021-10-09 16:12:14,-6.4667,16.8167,85.05,52,99,1.66
344,Malanje,AO,2021-10-09 16:12:14,-9.5402,16.341,88.5,26,39,9.17
345,Bay Roberts,CA,2021-10-09 16:12:14,47.5999,-53.2648,48.33,81,73,10.0
346,Byron Bay,AU,2021-10-09 16:07:38,-28.65,153.6167,69.06,89,1,14.09
347,Nkoteng,CM,2021-10-09 16:12:15,4.5167,12.0333,78.12,84,95,4.16
348,Cabra,ES,2021-10-09 16:12:15,37.4725,-4.4421,83.64,30,49,5.03
349,Sarkand,KZ,2021-10-09 16:12:15,45.41,79.9186,46.51,45,73,5.06
350,Teknaf,BD,2021-10-09 16:12:16,20.8624,92.3058,80.78,84,39,1.99
351,Stephenville,US,2021-10-09 16:12:16,32.2207,-98.2023,80.82,63,1,13.8
352,Hornepayne,CA,2021-10-09 16:12:16,49.2138,-84.7705,62.06,90,100,6.33
353,Isernia,IT,2021-10-09 16:12:17,41.6002,14.2382,61.54,74,80,6.24
354,Yaya,RU,2021-10-09 16:12:17,56.206,86.44,43.07,73,100,11.59
355,Sao Raimundo Das Mangabeiras,BR,2021-10-09 16:12:17,-7.0219,-45.4811,102.43,21,53,5.12
356,Sur,OM,2021-10-09 16:09:42,22.5667,59.5289,84.79,52,0,2.71
357,Luangwa,ZM,2021-10-09 16:12:18,-15.6167,30.4167,88.39,29,0,3.85
358,Samarai,PG,2021-10-09 16:12:18,-10.6167,150.6667,79.16,84,88,16.78
359,Goderich,CA,2021-10-09 16:12:18,43.7501,-81.7165,66.9,86,75,10.63
360,Los Llanos De Aridane,ES,2021-10-09 16:12:18,28.6585,-17.9182,73.15,80,20,16.11
361,Salihorsk,BY,2021-10-09 16:12:19,52.7876,27.5415,43.29,67,10,5.44
362,Ibirapitanga,BR,2021-10-09 16:12:19,-14.1642,-39.3736,75.52,87,100,3.89
363,Turukhansk,RU,2021-10-09 16:12:19,65.8167,87.9833,26.47,83,100,20.07
364,Haines Junction,CA,2021-10-09 16:12:20,60.7522,-137.5108,32.49,96,88,3.09
365,Jalu,LY,2021-10-09 16:12:20,29.0331,21.5482,86.49,19,0,6.2
366,Baracoa,CU,2021-10-09 16:12:20,20.3467,-74.4958,86.23,66,58,4.34
367,Roma,US,2021-10-09 16:10:56,43.2128,-75.4557,67.68,70,90,12.66
368,Batsfjord,NO,2021-10-09 16:12:21,70.6345,29.7185,36.75,94,100,5.64
369,Vermilion,US,2021-10-09 16:12:21,40.1667,-87.7506,80.92,64,1,11.5
370,Ashcroft,CA,2021-10-09 16:12:21,50.7165,-121.2859,49.48,74,85,5.44
371,Tongchuan,CN,2021-10-09 16:12:21,35.0806,109.0897,47.01,72,100,9.01
372,Anadyr,RU,2021-10-09 16:12:22,64.75,177.4833,24.01,100,100,4.0
373,Kozhva,RU,2021-10-09 16:12:22,65.1073,57.0459,31.12,74,9,6.6
374,Caucasia,CO,2021-10-09 16:10:01,7.9865,-75.1935,79.95,85,98,3.42
375,West Odessa,US,2021-10-09 16:12:22,31.8424,-102.4988,85.82,31,1,12.66
376,Krasnyy Chikoy,RU,2021-10-09 16:12:11,50.3643,108.7512,29.26,92,53,3.0
377,Bethel,US,2021-10-09 16:08:57,41.3712,-73.414,66.92,75,75,3.0
378,Sola,VU,2021-10-09 16:12:23,-13.8833,167.55,79.45,82,85,20.65
379,Tazovskiy,RU,2021-10-09 16:09:40,67.4667,78.7,28.44,70,99,17.25
380,Goya,AR,2021-10-09 16:12:23,-29.14,-59.2626,81.1,42,44,10.22
381,Smolenka,RU,2021-10-09 16:12:23,52.1352,113.4974,37.47,48,17,13.42
382,Tagusao,PH,2021-10-09 16:11:00,9.1924,117.8141,79.18,87,100,11.18
383,Nara,JP,2021-10-09 16:09:10,34.6851,135.8049,74.91,64,1,6.02
384,Yulara,AU,2021-10-09 16:12:24,-25.2406,130.9889,73.24,38,90,5.75
385,Wladyslawowo,PL,2021-10-09 16:12:24,54.7909,18.4009,53.94,49,98,7.4
386,Ancud,CL,2021-10-09 16:12:24,-41.8697,-73.8203,62.13,70,1,7.05
387,Carutapera,BR,2021-10-09 16:12:25,-1.195,-46.02,86.05,64,91,10.2
388,Kyshtovka,RU,2021-10-09 16:12:25,56.555,76.6271,41.04,76,100,6.29
389,Quatre Cocos,MU,2021-10-09 16:12:25,-20.2078,57.7625,72.09,78,45,18.28
390,Sirsilla,IN,2021-10-09 16:12:26,18.3833,78.8333,77.31,83,84,4.36
391,San Patricio,US,2021-10-09 16:11:16,28.017,-97.5169,84.09,55,26,7.87
392,Acapulco,MX,2021-10-09 16:09:34,16.8634,-99.8901,85.82,74,40,3.44
393,Nuuk,GL,2021-10-09 16:12:26,64.1835,-51.7216,36.21,75,75,11.5
394,Shimoda,JP,2021-10-09 16:12:26,34.6667,138.95,68.11,88,23,12.5
395,Solnechnyy,RU,2021-10-09 16:12:27,50.7214,136.6319,45.63,65,100,4.81
396,Durango,MX,2021-10-09 16:08:52,24.8333,-104.8333,70.09,31,4,2.55
397,Almansa,ES,2021-10-09 16:12:27,38.8692,-1.0971,75.29,57,84,4.65
398,High Level,CA,2021-10-09 16:08:31,58.5169,-117.136,46.47,64,97,7.05
399,Northam,GB,2021-10-09 16:12:28,51.0333,-4.2167,64.38,83,100,3.6
400,Codrington,AU,2021-10-09 16:08:53,-38.2667,141.9667,46.27,75,98,6.73
401,Coihaique,CL,2021-10-09 16:12:28,-45.5752,-72.0662,59.61,52,31,8.1
402,Yanam,IN,2021-10-09 16:12:28,16.7333,82.2167,82.8,92,7,1.21
403,Baiyin,CN,2021-10-09 16:12:28,36.5583,104.2081,41.29,31,100,3.94
404,Oksfjord,NO,2021-10-09 16:12:29,70.2396,22.3479,41.92,96,100,5.68
405,San Juan,AR,2021-10-09 16:08:50,-31.5375,-68.5364,62.73,49,88,4.36
406,Ust-Kuyga,RU,2021-10-09 16:12:29,70.0167,135.6,18.16,89,100,5.91
407,Ericeira,PT,2021-10-09 16:12:29,38.9627,-9.4156,78.46,79,93,12.19
408,Bubaque,GW,2021-10-09 16:12:30,11.2833,-15.8333,83.16,73,92,8.93
409,Naze,JP,2021-10-09 16:12:30,28.3667,129.4833,76.26,84,23,20.71
410,Sibenik,HR,2021-10-09 16:10:34,43.7272,15.9058,57.54,61,100,5.99
411,Lake Havasu City,US,2021-10-09 16:11:57,34.4839,-114.3224,72.1,23,1,1.99
412,Itoman,JP,2021-10-09 16:12:30,26.1247,127.6694,82.42,78,20,10.36
413,Hovd,MN,2021-10-09 16:12:31,48.0056,91.6419,34.11,40,0,0.72
414,Tual,ID,2021-10-09 16:12:31,-5.6667,132.75,82.13,77,81,8.39
415,Guerrero Negro,MX,2021-10-09 16:12:31,27.9769,-114.0611,73.65,60,1,19.26
416,Guanica,PR,2021-10-09 16:12:32,17.9716,-66.908,92.25,68,1,11.99
417,Chicama,PE,2021-10-09 16:12:32,-7.8447,-79.1469,61.34,64,65,8.39
418,Ylivieska,FI,2021-10-09 16:12:32,64.0833,24.55,51.31,94,55,4.85
419,Alta Floresta,BR,2021-10-09 16:12:33,-9.8756,-56.0861,98.44,34,66,1.79
420,Pingliang,CN,2021-10-09 16:12:33,35.5392,106.6861,39.34,68,100,4.83
421,Methala,IN,2021-10-09 16:12:33,10.2166,76.2166,78.8,91,99,3.71
422,Harbour Breton,CA,2021-10-09 16:12:33,47.4833,-55.7983,48.99,59,16,21.99
423,Ape,LV,2021-10-09 16:12:34,57.5393,26.6929,47.71,54,100,3.06
424,Xuddur,SO,2021-10-09 16:12:34,4.1213,43.8894,82.54,50,93,12.66
425,Ihosy,MG,2021-10-09 16:12:34,-22.4,46.1167,70.52,58,47,5.88
426,Dingle,PH,2021-10-09 16:12:34,10.9995,122.6711,74.26,95,97,8.63
427,Salinas,US,2021-10-09 16:12:35,36.6777,-121.6555,59.92,68,1,9.22
428,Hammerfest,NO,2021-10-09 16:12:35,70.6634,23.6821,41.45,100,90,0.0
429,Severo-Yeniseyskiy,RU,2021-10-09 16:12:35,60.3725,93.0408,31.6,78,100,16.69
430,Bara,NG,2021-10-09 16:12:36,10.3744,10.7288,91.22,43,72,4.74
431,Lasa,IT,2021-10-09 16:08:43,46.6166,10.7002,57.11,72,8,3.04
432,Lom Sak,TH,2021-10-09 16:12:36,16.7798,101.2422,75.69,93,100,2.3
433,Chapais,CA,2021-10-09 16:10:52,49.7834,-74.8492,64.15,59,70,9.98
434,Vanimo,PG,2021-10-09 16:12:36,-2.6741,141.3028,79.25,89,41,7.58
435,Chardara,KZ,2021-10-09 16:12:37,41.2547,67.9692,55.26,33,93,11.56
436,Pokhara,NP,2021-10-09 16:12:37,28.2333,83.9833,68.61,89,48,4.25
437,Mackenzie,CA,2021-10-09 16:12:37,55.2999,-123.1698,40.15,89,100,10.02
438,College,US,2021-10-09 16:12:37,64.8569,-147.8028,37.29,91,75,0.0
439,Lambarene,GA,2021-10-09 16:12:38,-0.7001,10.2406,79.27,90,100,5.08
440,Iskateley,RU,2021-10-09 16:12:38,67.6803,53.1512,31.08,77,90,8.75
441,Koutsouras,GR,2021-10-09 16:12:38,35.0339,25.9469,75.11,76,0,6.2
442,Egvekinot,RU,2021-10-09 16:12:39,66.3167,-179.1667,18.23,86,100,9.6
443,Kieta,PG,2021-10-09 16:12:39,-6.2167,155.6333,77.94,85,61,3.98
444,Mahdalynivka,UA,2021-10-09 16:12:39,48.921,34.9156,50.58,22,100,9.6
445,Akdepe,TM,2021-10-09 16:12:39,42.0551,59.3788,51.8,48,41,10.74
446,Ukiah,US,2021-10-09 16:12:40,39.1502,-123.2078,59.02,79,1,0.0
447,Hwange,ZW,2021-10-09 16:12:40,-18.3693,26.5019,94.77,17,1,7.99
448,Acari,PE,2021-10-09 16:12:40,-15.4311,-74.6158,72.21,69,66,9.24
449,Comodoro Rivadavia,AR,2021-10-09 16:11:55,-45.8667,-67.5,60.66,51,0,13.8
450,Chau Doc,VN,2021-10-09 16:12:41,10.7,105.1167,79.03,86,99,8.37
451,Tukrah,LY,2021-10-09 16:09:18,32.5341,20.5791,76.91,62,0,10.76
452,Etchoropo,MX,2021-10-09 16:12:41,26.7667,-109.6667,89.98,32,5,7.31
453,Puerto Lempira,HN,2021-10-09 16:12:41,15.2667,-83.7667,85.46,70,59,4.12
454,Aksu,CN,2021-10-09 16:12:42,41.1231,80.2644,49.32,32,92,6.69
455,Vardo,NO,2021-10-09 16:09:58,70.3705,31.1107,38.17,97,100,10.92
456,Inhambane,MZ,2021-10-09 16:12:42,-23.865,35.3833,73.58,70,0,15.05
457,Zhigansk,RU,2021-10-09 16:12:42,66.7697,123.3711,34.29,99,100,17.52
458,Bahia Blanca,AR,2021-10-09 16:12:43,-38.7196,-62.2724,74.17,26,0,5.46
459,Rognan,NO,2021-10-09 16:12:43,67.0953,15.3878,51.76,86,100,6.64
460,Alofi,NU,2021-10-09 16:12:43,-19.0595,-169.9187,77.4,78,93,6.96
461,Manjacaze,MZ,2021-10-09 16:12:43,-24.7117,33.8828,85.78,33,0,5.64
462,Moerai,PF,2021-10-09 16:12:44,-22.4333,-151.3333,73.36,75,19,3.15
463,Praia Da Vitoria,PT,2021-10-09 16:12:44,38.7333,-27.0667,75.76,72,23,14.54
464,Batticaloa,LK,2021-10-09 16:12:44,7.7102,81.6924,82.53,67,100,9.35
465,Mocajuba,BR,2021-10-09 16:12:45,-2.5842,-49.5072,98.58,36,99,3.94
466,Pacific Grove,US,2021-10-09 16:10:01,36.6177,-121.9166,60.91,70,90,1.01
467,Seoul,KR,2021-10-09 16:08:10,37.5683,126.9778,71.04,83,13,2.59
468,Vicuna,CL,2021-10-09 16:12:45,-30.0319,-70.7081,71.76,33,0,8.23
469,Carballo,ES,2021-10-09 16:12:45,43.213,-8.691,73.0,80,100,11.92
470,Uddevalla,SE,2021-10-09 16:12:45,58.3478,11.9424,55.26,83,99,3.0
471,Russell,US,2021-10-09 16:10:51,32.3502,-85.1999,81.97,77,75,0.0
472,Lusaka,ZM,2021-10-09 16:09:05,-15.4067,28.2871,86.72,21,79,8.39
473,Limulunga,ZM,2021-10-09 16:12:46,-15.0969,23.1376,96.06,13,83,1.7
474,Samfya,ZM,2021-10-09 16:12:46,-11.3649,29.5565,86.11,22,6,2.71
475,Imbituba,BR,2021-10-09 16:12:47,-28.24,-48.6703,64.29,91,100,13.24
476,Lazarev,RU,2021-10-09 16:12:47,52.225,141.5131,47.26,83,100,10.6
477,Ocampo,MX,2021-10-09 16:12:47,21.65,-101.5,64.96,59,13,6.44
478,Fairbanks,US,2021-10-09 16:12:47,64.8378,-147.7164,37.31,91,90,0.0
479,Chiang Klang,TH,2021-10-09 16:12:48,19.2938,100.8617,74.3,98,100,1.16
480,Torbay,CA,2021-10-09 16:09:13,47.6666,-52.7314,47.57,81,99,5.99
481,Zabol,AF,2021-10-09 16:12:48,32.25,67.25,61.68,22,0,15.93
482,Merauke,ID,2021-10-09 16:12:48,-8.4667,140.3333,79.39,84,71,14.05
483,Paracatu,BR,2021-10-09 16:09:24,-17.2222,-46.8747,94.55,26,40,8.86
484,Saint-Paul,RE,2021-10-09 16:12:49,-21.0096,55.2707,73.51,75,57,1.34
485,Havre-Saint-Pierre,CA,2021-10-09 16:08:42,50.2334,-63.5986,45.75,61,0,5.03
486,Aksarka,RU,2021-10-09 16:12:49,66.5606,67.7975,30.81,76,94,8.28
487,Ulladulla,AU,2021-10-09 16:12:49,-35.35,150.4667,62.1,86,47,4.85
488,Dongsheng,CN,2021-10-09 16:12:49,39.8161,109.9776,39.49,35,100,11.48
489,Wynyard,AU,2021-10-09 16:12:50,-41.0,145.7167,45.99,74,4,10.42
490,Shambu,ET,2021-10-09 16:12:50,9.5667,37.1,54.12,92,97,1.41
491,Uige,AO,2021-10-09 16:12:50,-7.6087,15.0613,83.91,56,99,1.45
492,Bitkine,TD,2021-10-09 16:12:51,11.9801,18.2138,89.74,43,94,8.14
493,Namatanai,PG,2021-10-09 16:12:51,-3.6667,152.4333,78.01,85,85,3.96
494,Okitipupa,NG,2021-10-09 16:12:51,6.5047,4.7839,78.64,92,100,4.68
495,Kaeo,NZ,2021-10-09 16:09:00,-35.1,173.7833,53.33,86,53,6.91
496,Namibe,AO,2021-10-09 16:12:52,-15.1961,12.1522,69.55,68,10,9.69
497,Kawalu,ID,2021-10-09 16:12:52,-7.3817,108.2082,71.65,96,100,1.52
498,Karoi,ZW,2021-10-09 16:12:52,-16.8099,29.6925,83.98,26,87,5.53
499,Odweyne,SO,2021-10-09 16:12:52,9.4092,45.064,78.89,51,96,4.68
500,Adrar,MR,2021-10-09 16:12:53,20.5022,-10.0711,100.35,7,79,9.04
501,Veraval,IN,2021-10-09 16:12:53,20.9,70.3667,82.8,79,98,3.36
502,Marsh Harbour,BS,2021-10-09 16:12:53,26.5412,-77.0636,82.53,67,90,1.81
503,Magadi,IN,2021-10-09 16:12:54,12.9667,77.2333,71.94,91,100,9.66
504,Saveh,IR,2021-10-09 16:12:54,35.0213,50.3566,64.92,39,0,3.74
505,Teguise,ES,2021-10-09 16:12:54,29.0605,-13.564,75.42,61,20,21.85
506,Kharan,PK,2021-10-09 16:12:54,28.5833,65.4167,80.44,14,0,10.63
507,Baoying,CN,2021-10-09 16:12:55,33.2292,119.3092,74.23,92,31,5.32
508,Fundao,BR,2021-10-09 16:12:55,-19.9341,-40.4047,69.33,83,100,3.15
509,Abaza,RU,2021-10-09 16:12:55,52.655,90.0928,37.29,84,63,4.36
510,Batagay,RU,2021-10-09 16:12:56,67.6333,134.6333,26.04,74,100,6.24
511,Hobbs,US,2021-10-09 16:12:56,32.7026,-103.136,84.34,36,1,8.01
512,Cheremshan,RU,2021-10-09 16:12:56,54.6667,51.5,43.03,71,25,5.88
513,Hauterive,FR,2021-10-09 16:12:56,46.0901,3.4459,58.08,70,28,2.98
514,Izumo,JP,2021-10-09 16:09:14,35.3667,132.7667,68.41,80,0,5.53
515,Santa Rosa,PH,2021-10-09 16:10:53,14.3122,121.1114,82.11,86,96,3.51
516,Gboko,NG,2021-10-09 16:12:57,7.3179,8.9951,83.98,73,100,5.59
517,Yafran,LY,2021-10-09 16:12:57,32.0633,12.5286,68.2,58,98,11.86
518,Khor,RU,2021-10-09 16:12:58,47.8861,134.9464,52.23,55,92,8.72
519,Show Low,US,2021-10-09 16:12:58,34.2542,-110.0298,62.29,69,20,20.71
520,Puerto Montt,CL,2021-10-09 16:08:08,-41.4698,-72.9447,59.83,67,0,9.22
521,Isiro,CD,2021-10-09 16:12:58,2.7739,27.616,75.6,82,87,0.98
522,Ola,RU,2021-10-09 16:12:58,59.5833,151.2833,31.75,63,0,4.92
523,Shingu,JP,2021-10-09 16:12:59,33.7333,135.9833,71.82,88,37,9.13
524,Oyama,JP,2021-10-09 16:12:59,36.3,139.8,70.03,85,100,6.82
525,Ngunguru,NZ,2021-10-09 16:12:59,-35.6167,174.5,53.17,88,12,10.56
526,Ghorawal,IN,2021-10-09 16:13:00,24.7667,82.7833,76.1,56,1,0.89
527,Birao,CF,2021-10-09 16:13:00,10.2849,22.7882,83.43,43,93,4.5
528,Sokoni,TZ,2021-10-09 16:13:00,-6.4333,39.55,78.51,82,28,13.0
529,Chuy,UY,2021-10-09 16:13:01,-33.6971,-53.4616,64.62,62,49,12.15
530,Xinqing,CN,2021-10-09 16:13:01,48.2333,129.5,50.41,93,100,5.01
531,Acarau,BR,2021-10-09 16:13:01,-2.8856,-40.12,87.89,59,49,20.2
532,Kushima,JP,2021-10-09 16:13:02,31.4583,131.2333,76.12,88,74,11.43
533,Ormara,PK,2021-10-09 16:13:02,25.2088,64.6357,81.01,79,0,9.26
534,Seda,LV,2021-10-09 16:13:02,57.65,25.75,48.33,58,100,3.85
535,Shangzhi,CN,2021-10-09 16:13:03,45.2167,127.9667,59.43,95,100,12.39
536,San Jose,US,2021-10-09 16:11:21,37.3394,-121.895,61.56,71,20,0.0
537,Boende,CD,2021-10-09 16:13:03,-0.2167,20.8667,84.51,65,96,2.01
538,Tautira,PF,2021-10-09 16:13:04,-17.7333,-149.15,75.22,72,35,3.0
539,Sawakin,SD,2021-10-09 16:10:14,19.1059,37.3321,86.45,72,58,4.81
540,Teofilo Otoni,BR,2021-10-09 16:13:04,-17.8575,-41.5053,73.9,68,99,7.11
541,Teya,RU,2021-10-09 16:13:04,60.3778,92.6267,34.68,81,96,15.01
542,Viransehir,TR,2021-10-09 16:13:04,37.2353,39.7631,76.78,16,0,5.95
543,The Valley,AI,2021-10-09 16:13:05,18.217,-63.0578,87.94,55,20,18.41
544,Nuristan,AF,2021-10-09 16:13:05,35.3,70.8333,38.07,53,14,1.16
545,Kutum,SD,2021-10-09 16:13:05,14.2,24.6667,88.45,17,64,7.81
546,Togur,RU,2021-10-09 16:13:06,58.3631,82.8265,36.81,78,62,11.25
547,Praia,CV,2021-10-09 16:13:06,14.9215,-23.5087,93.74,29,20,13.8
548,Ketchikan,US,2021-10-09 16:13:06,55.3422,-131.6461,46.38,87,40,3.44
549,Qiongshan,CN,2021-10-09 16:13:06,20.0058,110.3542,76.71,92,100,17.2
550,Nome,US,2021-10-09 16:13:07,64.5011,-165.4064,37.47,70,75,5.75
551,Manali,IN,2021-10-09 16:13:07,13.1667,80.2667,86.09,75,99,10.8
552,Alice Springs,AU,2021-10-09 16:13:07,-23.7,133.8833,80.15,26,96,5.75
553,Zyryanka,RU,2021-10-09 16:13:08,65.75,150.85,15.62,80,15,6.93
554,Belorechensk,RU,2021-10-09 16:13:08,44.76,39.87,54.32,65,40,13.98
555,Inverell,AU,2021-10-09 16:13:08,-29.7833,151.1167,60.15,63,3,4.0
556,Mairana,BO,2021-10-09 16:13:08,-18.1167,-63.9333,78.15,47,94,8.61
557,Asyut,EG,2021-10-09 16:13:09,27.181,31.1837,86.07,24,0,9.78
558,Budingen,DE,2021-10-09 16:13:09,50.3,9.1167,61.47,59,0,5.21
559,Aklavik,CA,2021-10-09 16:13:09,68.2191,-135.0107,24.08,94,59,5.35
560,Camacha,PT,2021-10-09 16:13:10,33.0833,-16.3333,76.53,64,40,14.97
561,Sinnamary,GF,2021-10-09 16:13:10,5.3833,-52.95,87.71,62,100,10.89
562,Maasim,PH,2021-10-09 16:13:10,5.8575,125.0061,81.61,76,100,7.36
563,Terrace,CA,2021-10-09 16:13:10,54.5163,-128.6035,47.43,100,90,3.44
564,Barabinsk,RU,2021-10-09 16:13:11,55.3571,78.357,41.54,78,97,6.15
565,Dmytrivka,UA,2021-10-09 16:13:11,45.9717,28.9864,50.09,41,93,8.7
566,Popondetta,PG,2021-10-09 16:13:11,-8.7537,148.2534,72.32,96,39,3.18
567,Pekan,MY,2021-10-09 16:13:12,3.4836,103.3996,80.91,85,98,2.15
568,Maracaju,BR,2021-10-09 16:13:12,-21.6144,-55.1683,95.61,35,90,12.41
569,Pudozh,RU,2021-10-09 16:13:12,61.8099,36.5345,49.41,98,100,5.37
570,Amazar,RU,2021-10-09 16:13:13,53.858,120.875,33.13,83,100,4.52
571,Emirdag,TR,2021-10-09 16:13:13,39.0197,31.15,66.51,36,6,9.46
572,Porbandar,IN,2021-10-09 16:13:13,21.6422,69.6093,83.84,77,95,5.01
573,Zheleznodorozhnyy,RU,2021-10-09 16:13:13,55.7503,38.0042,50.22,55,100,4.52
574,Tyret Pervaya,RU,2021-10-09 16:13:14,53.6703,102.3106,37.62,56,80,6.33
