,City,Lat,Lng,Max Temp,Humidity,Cloudiness,Wind Speed,Current Description,Country,Date
0,Rikitea,-23.1203,-134.9692,73.72,75,89,10.89,overcast clouds,PF,2021-10-12 12:15:39
1,Pascagoula,30.3658,-88.5561,73.45,100,1,0.0,clear sky,US,2021-10-12 12:23:41
2,Ushuaia,-54.8,-68.3,51.46,50,40,11.5,scattered clouds,AR,2021-10-12 12:21:43
3,Barrow,71.2906,-156.7887,30.22,80,90,20.71,overcast clouds,US,2021-10-12 12:23:41
4,Atuona,-9.8,-139.0333,77.45,67,13,18.45,few clouds,PF,2021-10-12 12:23:42
5,Qaanaaq,77.484,-69.3632,28.94,96,100,4.32,overcast clouds,GL,2021-10-12 12:23:42
6,Carmo Do Paranaiba,-19.0008,-46.3161,67.24,81,86,6.64,overcast clouds,BR,2021-10-12 12:23:42
7,Bilma,18.6853,12.9164,100.11,5,47,7.02,scattered clouds,NE,2021-10-12 12:23:43
8,Oistins,13.0667,-59.5333,84.29,74,20,19.57,few clouds,BB,2021-10-12 12:19:29
9,Kodiak,57.79,-152.4072,43.02,76,69,20.36,broken clouds,US,2021-10-12 12:23:43
10,Sikasso,10.9167,-7.0,93.04,46,13,2.39,few clouds,ML,2021-10-12 12:23:43
11,Caravelas,-17.7125,-39.2481,71.22,96,100,6.11,overcast clouds,BR,2021-10-12 12:23:44
12,Shache,38.4167,77.2406,63.66,17,0,3.94,clear sky,CN,2021-10-12 12:24:13
13,Trincomalee,8.5711,81.2335,85.93,63,100,16.62,overcast clouds,LK,2021-10-12 12:24:13
14,Araouane,18.9048,-3.5265,100.54,6,55,5.5,broken clouds,ML,2021-10-12 12:24:14
15,Mataura,-46.1927,168.8643,39.04,93,92,8.05,overcast clouds,NZ,2021-10-12 12:24:14
16,Mahebourg,-20.4081,57.7,79.25,73,20,11.5,few clouds,MU,2021-10-12 12:24:14
17,Saint George,37.1041,-113.5841,43.43,87,90,1.99,moderate rain,US,2021-10-12 12:19:24
18,Asau,46.4333,26.4,51.28,70,100,2.33,overcast clouds,RO,2021-10-12 12:24:15
19,Puerto Ayora,-0.7393,-90.3518,68.56,91,95,5.01,overcast clouds,EC,2021-10-12 12:24:15
20,Busselton,-33.65,115.3333,52.05,68,62,7.92,broken clouds,AU,2021-10-12 12:24:15
21,Punta Arenas,-53.15,-70.9167,46.51,61,0,10.36,clear sky,CL,2021-10-12 12:22:29
22,Bathsheba,13.2167,-59.5167,84.81,74,20,19.57,few clouds,BB,2021-10-12 12:24:16
23,Sioux Lookout,50.1001,-91.917,50.07,93,90,4.61,overcast clouds,CA,2021-10-12 12:24:16
24,Kaeo,-35.1,173.7833,48.33,92,14,5.3,few clouds,NZ,2021-10-12 12:24:16
25,Nagato,34.3833,131.2,74.19,92,100,15.14,overcast clouds,JP,2021-10-12 12:24:17
26,Kaitangata,-46.2817,169.8464,42.75,85,96,19.24,overcast clouds,NZ,2021-10-12 12:24:17
27,Broome,42.2506,-75.833,61.65,81,90,4.0,overcast clouds,US,2021-10-12 12:24:17
28,Ilulissat,69.2167,-51.1,26.62,74,75,0.0,broken clouds,GL,2021-10-12 12:24:18
29,Staropesterevo,54.5001,86.4094,28.26,85,100,4.09,overcast clouds,RU,2021-10-12 12:24:18
30,Nabire,-3.3667,135.4833,79.75,85,64,2.15,broken clouds,ID,2021-10-12 12:24:18
31,New Norfolk,-42.7826,147.0587,47.71,65,70,1.01,broken clouds,AU,2021-10-12 12:24:19
32,Port Alfred,-33.5906,26.891,72.3,64,89,15.82,overcast clouds,ZA,2021-10-12 12:23:32
33,Ust-Uda,54.1742,103.0304,34.92,81,100,4.9,overcast clouds,RU,2021-10-12 12:24:19
34,Ulladulla,-35.35,150.4667,54.5,86,98,4.16,overcast clouds,AU,2021-10-12 12:24:19
35,Neyyattinkara,8.4,77.0833,82.26,86,99,8.79,overcast clouds,IN,2021-10-12 12:24:20
36,Mende,44.6667,3.5,48.25,59,69,10.8,broken clouds,FR,2021-10-12 12:24:20
37,Berdigestyakh,62.0989,126.6992,25.41,65,100,12.06,overcast clouds,RU,2021-10-12 12:24:20
38,Lavrentiya,65.5833,-171.0,30.29,89,100,12.48,overcast clouds,RU,2021-10-12 12:24:21
39,Tuktoyaktuk,69.4541,-133.0374,25.18,85,41,13.27,scattered clouds,CA,2021-10-12 12:24:21
40,Kolo,52.2002,18.6387,54.25,61,47,14.07,scattered clouds,PL,2021-10-12 12:24:21
41,Flinders,-34.5833,150.8552,60.39,74,99,3.0,overcast clouds,AU,2021-10-12 12:24:22
42,Thompson,55.7435,-97.8558,42.96,100,90,4.61,overcast clouds,CA,2021-10-12 12:24:22
43,Camocim,-2.9022,-40.8411,86.52,57,63,13.11,broken clouds,BR,2021-10-12 12:24:22
44,Hermanus,-34.4187,19.2345,73.8,65,95,7.87,overcast clouds,ZA,2021-10-12 12:24:23
45,Firminy,45.3873,4.2907,57.22,71,90,8.05,overcast clouds,FR,2021-10-12 12:24:23
46,Saldanha,-33.0117,17.9442,77.05,72,100,15.93,overcast clouds,ZA,2021-10-12 12:24:23
47,Geraldton,-28.7667,114.6,61.21,67,0,18.41,clear sky,AU,2021-10-12 12:24:24
48,Maumere,-8.6199,122.2111,79.21,74,92,6.53,overcast clouds,ID,2021-10-12 12:24:24
49,Jamestown,42.097,-79.2353,63.72,94,40,1.99,scattered clouds,US,2021-10-12 12:23:50
50,Lorengau,-2.0226,147.2712,82.76,75,23,6.31,few clouds,PG,2021-10-12 12:24:24
51,Vaini,-21.2,-175.2,69.96,78,20,8.05,few clouds,TO,2021-10-12 12:24:25
52,Makaha,21.4694,-158.2175,78.71,83,90,4.61,overcast clouds,US,2021-10-12 12:24:25
53,Sao Felix Do Xingu,-6.6447,-51.995,84.27,66,81,2.57,broken clouds,BR,2021-10-12 12:24:25
54,Ponta Do Sol,32.6667,-17.1,76.71,78,19,4.7,few clouds,PT,2021-10-12 12:24:25
55,Tuy Hoa,13.0833,109.3,78.08,90,100,4.63,overcast clouds,VN,2021-10-12 12:23:54
56,Bluff,-46.6,168.3333,44.22,74,93,25.08,overcast clouds,NZ,2021-10-12 12:24:26
57,Nkhotakota,-12.9274,34.2961,81.03,49,63,11.86,broken clouds,MW,2021-10-12 12:24:26
58,Boddam,57.4667,-1.7833,50.43,64,6,10.85,clear sky,GB,2021-10-12 12:24:26
59,Thap Than,15.4606,99.8917,78.85,91,91,1.52,overcast clouds,TH,2021-10-12 12:24:27
60,Waldkraiburg,48.2085,12.3989,50.38,86,100,8.81,overcast clouds,DE,2021-10-12 12:24:27
61,Albany,42.6001,-73.9662,54.95,95,80,1.95,broken clouds,US,2021-10-12 12:24:27
62,Algeciras,36.1333,-5.4505,78.57,78,75,16.11,broken clouds,ES,2021-10-12 12:24:28
63,Filadelfia,39.9523,-75.1638,65.05,92,90,4.0,overcast clouds,US,2021-10-12 12:22:59
64,Riohacha,11.5444,-72.9072,78.93,88,62,4.47,broken clouds,CO,2021-10-12 12:24:28
65,Senanga,-16.1167,23.2667,96.17,12,0,9.46,clear sky,ZM,2021-10-12 12:24:28
66,Fort Nelson,58.8053,-122.7002,26.19,86,75,4.61,broken clouds,CA,2021-10-12 12:24:29
67,Aloleng,16.1307,119.7824,81.61,83,100,25.52,light rain,PH,2021-10-12 12:24:29
68,Kainantu,-6.2887,145.8655,62.71,99,98,0.96,light rain,PG,2021-10-12 12:24:29
69,Khatanga,71.9667,102.5,14.85,96,100,6.2,overcast clouds,RU,2021-10-12 12:24:29
70,Carnarvon,-24.8667,113.6333,66.27,68,0,19.57,clear sky,AU,2021-10-12 12:24:30
71,Kapaa,22.0752,-159.319,77.32,82,90,4.0,light rain,US,2021-10-12 12:24:30
72,Iqaluit,63.7506,-68.5145,33.53,100,90,8.01,mist,CA,2021-10-12 12:24:31
73,Avarua,-21.2078,-159.775,71.65,94,75,20.71,heavy intensity rain,CK,2021-10-12 12:24:31
74,Sitka,57.0531,-135.33,46.29,76,90,10.36,light rain,US,2021-10-12 12:24:22
75,Kamenka,51.3223,42.7678,58.51,43,81,12.55,broken clouds,RU,2021-10-12 12:24:31
76,Abadan,30.3392,48.3043,102.15,9,0,4.61,clear sky,IR,2021-10-12 12:24:32
77,Saint-Philippe,-21.3585,55.7679,76.59,85,53,6.29,light rain,RE,2021-10-12 12:24:32
78,San Rafael,-34.6177,-68.3301,64.92,45,71,4.74,broken clouds,AR,2021-10-12 12:19:59
79,Tazovskiy,67.4667,78.7,26.89,69,20,5.28,few clouds,RU,2021-10-12 12:20:21
80,Russell,32.3502,-85.1999,66.99,94,90,3.44,mist,US,2021-10-12 12:24:32
81,Porbandar,21.6422,69.6093,86.56,67,3,9.91,clear sky,IN,2021-10-12 12:24:33
82,Chokurdakh,70.6333,147.9167,15.57,86,100,7.9,overcast clouds,RU,2021-10-12 12:24:33
83,Upernavik,72.7868,-56.1549,34.23,98,100,19.75,moderate rain,GL,2021-10-12 12:24:34
84,Ellisras,-23.6649,27.7443,84.85,13,2,6.26,clear sky,ZA,2021-10-12 12:24:34
85,Hobart,-42.8794,147.3294,48.06,76,75,1.01,broken clouds,AU,2021-10-12 12:22:14
86,Roanoke,37.271,-79.9414,64.42,96,90,0.0,overcast clouds,US,2021-10-12 12:24:34
87,Tarbagatay,51.4803,107.3602,38.73,83,90,3.09,overcast clouds,RU,2021-10-12 12:24:35
88,Arraial Do Cabo,-22.9661,-42.0278,69.66,83,75,13.8,broken clouds,BR,2021-10-12 12:24:35
89,Okhotsk,59.3833,143.3,32.5,69,1,15.77,clear sky,RU,2021-10-12 12:24:35
90,Poznan,52.4069,16.9299,51.3,61,40,5.01,scattered clouds,PL,2021-10-12 12:24:36
91,Aykhal,66.0,111.5,14.0,93,100,21.03,light snow,RU,2021-10-12 12:24:36
92,Laguna,38.421,-121.4238,56.1,40,1,5.01,clear sky,US,2021-10-12 12:21:52
93,Baghdad,33.3406,44.4009,96.71,15,0,3.44,clear sky,IQ,2021-10-12 12:21:27
94,Jinji,23.2281,110.8261,67.26,66,77,13.49,broken clouds,CN,2021-10-12 12:24:36
95,Gondar,12.6,37.4667,66.38,77,81,5.79,light rain,ET,2021-10-12 12:24:37
96,Butaritari,3.0707,172.7902,81.25,72,89,10.51,overcast clouds,KI,2021-10-12 12:24:37
97,Esna,25.2934,32.554,105.08,10,3,3.76,clear sky,EG,2021-10-12 12:24:37
98,San Juan,-31.5375,-68.5364,71.74,37,43,1.68,scattered clouds,AR,2021-10-12 12:19:56
99,Masallatah,32.6167,14.0,73.9,44,70,12.35,broken clouds,LY,2021-10-12 12:24:38
100,Mareeba,-17.0,145.4333,69.44,92,74,2.21,broken clouds,AU,2021-10-12 12:24:38
101,Shihezi,44.3,86.0333,52.88,41,100,4.18,overcast clouds,CN,2021-10-12 12:24:38
102,Orlik,52.5178,99.825,31.82,83,100,2.04,overcast clouds,RU,2021-10-12 12:24:39
103,Menongue,-14.6585,17.691,97.57,12,4,7.72,clear sky,AO,2021-10-12 12:24:39
104,Merauke,-8.4667,140.3333,79.34,82,56,10.0,broken clouds,ID,2021-10-12 12:24:39
105,Pisco,-13.7,-76.2167,61.02,82,90,3.44,mist,PE,2021-10-12 12:24:40
106,Maragogi,-9.0122,-35.2225,81.79,65,34,11.88,scattered clouds,BR,2021-10-12 12:24:40
107,Ancud,-41.8697,-73.8203,47.43,88,69,2.01,broken clouds,CL,2021-10-12 12:24:40
108,Charters Towers,-20.1,146.2667,77.41,54,76,6.13,broken clouds,AU,2021-10-12 12:24:41
109,Winchester,51.0651,-1.3187,62.69,68,20,4.0,few clouds,GB,2021-10-12 12:24:41
110,Cape Town,-33.9258,18.4232,75.09,46,0,13.8,clear sky,ZA,2021-10-12 12:24:41
111,Tallahassee,30.4383,-84.2807,73.63,97,1,4.61,clear sky,US,2021-10-12 12:22:45
112,Hilo,19.7297,-155.09,76.73,92,90,11.5,moderate rain,US,2021-10-12 12:21:34
113,Ambilobe,-13.2,49.05,81.81,60,87,5.68,overcast clouds,MG,2021-10-12 12:24:42
114,Bredasdorp,-34.5322,20.0403,73.27,49,0,9.22,clear sky,ZA,2021-10-12 12:24:42
115,Port Elizabeth,-33.918,25.5701,74.1,73,40,12.66,scattered clouds,ZA,2021-10-12 12:24:42
116,Makubetsu,45.3714,141.8211,48.49,75,1,6.04,clear sky,JP,2021-10-12 12:24:43
117,North Bend,43.4065,-124.2243,42.93,99,90,8.05,overcast clouds,US,2021-10-12 12:24:43
118,Souillac,-20.5167,57.5167,79.36,73,20,11.5,few clouds,MU,2021-10-12 12:24:43
119,Cheyenne,41.14,-104.8203,41.22,77,90,14.97,overcast clouds,US,2021-10-12 12:24:14
120,Kayiry,46.9454,33.7059,63.46,51,81,1.28,broken clouds,UA,2021-10-12 12:24:43
121,Leningradskiy,69.3833,178.4167,16.77,96,93,6.55,light snow,RU,2021-10-12 12:24:44
122,Nome,64.5011,-165.4064,33.87,86,90,8.05,overcast clouds,US,2021-10-12 12:24:44
123,Castro,-24.7911,-50.0119,62.89,86,96,2.04,overcast clouds,BR,2021-10-12 12:24:45
124,Manjacaze,-24.7117,33.8828,89.47,15,0,4.54,clear sky,MZ,2021-10-12 12:24:45
125,Vysokogornyy,50.1167,139.15,39.45,79,70,7.16,broken clouds,RU,2021-10-12 12:24:45
126,Dingle,10.9995,122.6711,77.29,88,100,10.83,light rain,PH,2021-10-12 12:24:45
127,Cidreira,-30.1811,-50.2056,66.36,87,87,11.99,overcast clouds,BR,2021-10-12 12:24:46
128,Tete,-16.1564,33.5867,86.09,30,40,14.97,scattered clouds,MZ,2021-10-12 12:24:46
129,Chuy,-33.6971,-53.4616,64.02,91,93,3.6,overcast clouds,UY,2021-10-12 12:24:46
130,Miri,4.4148,114.0089,84.34,74,20,4.61,few clouds,MY,2021-10-12 12:24:47
131,Muravlenko,63.7898,74.523,29.25,64,44,8.63,scattered clouds,RU,2021-10-12 12:24:47
132,Tuatapere,-46.1333,167.6833,41.94,83,91,10.07,overcast clouds,NZ,2021-10-12 12:24:47
133,Port Lincoln,-34.7333,135.8667,54.95,78,100,15.66,light rain,AU,2021-10-12 12:24:47
134,Georgetown,5.4112,100.3354,86.95,74,20,4.61,few clouds,MY,2021-10-12 12:24:48
135,Airai,-8.9266,125.4092,63.48,90,92,1.19,overcast clouds,TL,2021-10-12 12:24:48
136,Ola,59.5833,151.2833,34.72,84,100,6.82,overcast clouds,RU,2021-10-12 12:24:48
137,Mikumi,-7.4041,36.9831,84.43,42,85,7.85,overcast clouds,TZ,2021-10-12 12:24:49
138,Coquimbo,-29.9533,-71.3436,56.93,71,90,2.3,overcast clouds,CL,2021-10-12 12:24:49
139,Tripoli,32.8752,13.1875,75.38,46,90,10.16,overcast clouds,LY,2021-10-12 12:21:37
140,Kirakira,-10.4544,161.9205,79.47,83,97,3.71,overcast clouds,SB,2021-10-12 12:24:49
141,Sao Paulo De Olivenca,-3.3783,-68.8725,75.25,93,96,2.19,overcast clouds,BR,2021-10-12 12:24:50
142,Henties Bay,-22.116,14.2845,68.18,70,19,11.32,few clouds,NA,2021-10-12 12:24:50
143,San Patricio,28.017,-97.5169,82.89,87,67,13.0,broken clouds,US,2021-10-12 12:24:50
144,Isangel,-19.55,169.2667,73.51,78,100,5.75,overcast clouds,VU,2021-10-12 12:24:50
145,Bengkulu,-3.8004,102.2655,77.16,89,89,2.66,overcast clouds,ID,2021-10-12 12:24:51
146,Cherskiy,68.75,161.3,-2.92,99,36,3.96,scattered clouds,RU,2021-10-12 12:24:51
147,Lebu,-37.6167,-73.65,51.44,85,9,2.59,clear sky,CL,2021-10-12 12:24:51
148,Nikolskoye,59.7035,30.7861,54.39,48,2,8.66,clear sky,RU,2021-10-12 12:24:52
149,Yuncheng,35.0231,110.9928,55.13,69,4,5.57,clear sky,CN,2021-10-12 12:24:52
150,Acapulco,16.8634,-99.8901,80.42,94,90,3.44,overcast clouds,MX,2021-10-12 12:23:10
151,Lima,-12.0432,-77.0282,58.89,89,90,10.36,overcast clouds,PE,2021-10-12 12:24:37
152,Ketchikan,55.3422,-131.6461,46.87,93,90,9.22,moderate rain,US,2021-10-12 12:24:53
153,Nizwa,22.9333,57.5333,94.3,22,37,2.42,scattered clouds,OM,2021-10-12 12:20:17
154,Shubarkuduk,49.1447,56.4872,57.69,36,92,9.91,overcast clouds,KZ,2021-10-12 12:24:53
155,Lata,40.1629,-8.3327,80.92,40,5,4.72,clear sky,PT,2021-10-12 12:24:54
156,Piacabucu,-10.4056,-36.4344,83.75,58,64,14.5,broken clouds,BR,2021-10-12 12:24:54
157,Danilovka,50.3557,44.1168,60.8,33,55,15.17,broken clouds,RU,2021-10-12 12:24:54
158,Nanortalik,60.1432,-45.2371,41.31,66,48,2.95,scattered clouds,GL,2021-10-12 12:24:54
159,Andra,62.5147,65.8878,31.78,95,100,7.87,light snow,RU,2021-10-12 12:24:55
160,Amapa,1.0,-52.0,83.44,60,33,4.29,scattered clouds,BR,2021-10-12 12:21:52
161,Naron,43.5167,-8.1528,74.68,45,0,6.8,clear sky,ES,2021-10-12 12:24:55
162,Torbay,47.6666,-52.7314,45.28,87,75,17.27,broken clouds,CA,2021-10-12 12:24:55
163,Ndele,8.4109,20.6473,87.15,56,99,7.27,overcast clouds,CF,2021-10-12 12:24:56
164,Krasnoselkup,65.7,82.4667,27.36,65,34,2.39,scattered clouds,RU,2021-10-12 12:24:56
165,Panzhihua,26.5851,101.7128,71.46,78,18,1.45,few clouds,CN,2021-10-12 12:24:56
166,Constitucion,-35.3333,-72.4167,53.71,78,100,8.52,overcast clouds,CL,2021-10-12 12:24:57
167,Urucui,-7.2294,-44.5561,92.1,37,82,5.46,broken clouds,BR,2021-10-12 12:24:57
168,Coahuayana,18.7333,-103.6833,76.48,91,65,3.74,broken clouds,MX,2021-10-12 12:24:57
169,Kasongo-Lunda,-6.4667,16.8167,91.47,46,84,2.46,broken clouds,CD,2021-10-12 12:24:58
170,Kalengwa,-13.4659,25.0027,93.38,13,62,8.5,broken clouds,ZM,2021-10-12 12:24:58
171,Koungou,-12.7336,45.2042,83.91,65,0,6.91,clear sky,YT,2021-10-12 12:24:58
172,Roma,43.2128,-75.4557,61.88,97,1,5.75,clear sky,US,2021-10-12 12:24:03
173,Garissa,-0.4536,39.6401,93.83,27,98,20.85,overcast clouds,KE,2021-10-12 12:24:59
174,Clyde River,70.4692,-68.5914,29.79,80,49,2.8,scattered clouds,CA,2021-10-12 12:24:59
175,Victoria,22.2855,114.1577,78.24,71,100,3.0,overcast clouds,HK,2021-10-12 12:24:59
176,Richards Bay,-28.783,32.0377,87.96,33,44,12.68,scattered clouds,ZA,2021-10-12 12:24:59
177,Coihaique,-45.5752,-72.0662,47.01,76,40,8.05,scattered clouds,CL,2021-10-12 12:25:00
178,Talcahuano,-36.7167,-73.1167,53.28,82,90,9.22,overcast clouds,CL,2021-10-12 12:25:00
179,Bambous Virieux,-20.3428,57.7575,79.21,73,20,11.5,few clouds,MU,2021-10-12 12:25:00
180,Aklavik,68.2191,-135.0107,23.83,82,99,6.35,overcast clouds,CA,2021-10-12 12:25:01
181,Vardo,70.3705,31.1107,44.8,87,75,9.22,broken clouds,NO,2021-10-12 12:25:01
182,Yerbogachen,61.2767,108.0108,19.69,71,53,4.34,broken clouds,RU,2021-10-12 12:25:02
183,Saskylakh,71.9167,114.0833,20.84,97,100,6.2,overcast clouds,RU,2021-10-12 12:25:02
184,Ribeira Grande,38.5167,-28.7,72.0,68,20,8.05,few clouds,PT,2021-10-12 12:25:03
185,Lagoa,39.05,-27.9833,68.68,73,5,8.72,clear sky,PT,2021-10-12 12:25:03
186,Teeli,51.0333,90.2333,38.71,53,100,7.7,overcast clouds,RU,2021-10-12 12:25:04
187,Mindelo,16.8901,-24.9804,81.95,57,20,20.71,few clouds,CV,2021-10-12 12:25:04
188,El Alto,-4.2714,-81.2147,62.26,82,47,13.42,scattered clouds,PE,2021-10-12 12:25:04
189,Rawson,-43.3002,-65.1023,60.8,45,98,16.06,overcast clouds,AR,2021-10-12 12:23:50
190,Wainwright,52.839,-110.8572,18.68,88,13,5.68,few clouds,CA,2021-10-12 12:25:05
191,Poum,-20.2333,164.0167,75.67,89,97,19.77,overcast clouds,NC,2021-10-12 12:25:05
192,Corsicana,32.0954,-96.4689,69.82,77,90,1.99,overcast clouds,US,2021-10-12 12:25:05
193,Dikson,73.5069,80.5464,31.06,78,78,11.72,broken clouds,RU,2021-10-12 12:25:06
194,Pradera,3.4211,-76.2447,68.68,79,95,1.36,overcast clouds,CO,2021-10-12 12:25:06
195,Marihatag,8.7936,126.2969,78.82,89,100,4.18,overcast clouds,PH,2021-10-12 12:25:07
196,Ust-Kuyga,70.0167,135.6,26.24,97,100,4.81,light snow,RU,2021-10-12 12:25:07
197,Ouadda,8.0777,22.4007,85.17,61,99,7.23,overcast clouds,CF,2021-10-12 12:25:07
198,Walvis Bay,-22.9575,14.5053,67.15,68,0,11.5,clear sky,NA,2021-10-12 12:25:08
199,Montego Bay,18.4712,-77.9188,80.78,78,20,8.05,few clouds,JM,2021-10-12 12:25:08
200,Rio Grande,-32.035,-52.0986,66.31,91,89,6.17,overcast clouds,BR,2021-10-12 12:25:09
201,Chipinge,-20.1883,32.6236,80.38,16,0,7.83,clear sky,ZW,2021-10-12 12:25:09
202,Cayenne,4.9333,-52.3333,84.09,84,90,1.01,overcast clouds,GF,2021-10-12 12:25:09
203,Hualmay,-11.0964,-77.6139,62.28,88,69,7.99,broken clouds,PE,2021-10-12 12:25:09
204,Noumea,-22.2763,166.4572,69.78,89,100,5.12,overcast clouds,NC,2021-10-12 12:25:10
205,East London,-33.0153,27.9116,70.74,78,20,14.97,few clouds,ZA,2021-10-12 12:25:10
206,Wakkanai,45.4094,141.6739,51.76,68,1,7.2,clear sky,JP,2021-10-12 12:25:11
207,Awjilah,29.1081,21.2869,86.45,29,10,9.19,clear sky,LY,2021-10-12 12:25:11
208,Togur,58.3631,82.8265,29.93,59,94,2.44,overcast clouds,RU,2021-10-12 12:25:11
209,Havoysund,70.9963,24.6622,41.88,79,100,17.07,overcast clouds,NO,2021-10-12 12:25:12
210,Road Town,18.4167,-64.6167,85.19,84,75,12.66,broken clouds,VG,2021-10-12 12:24:40
211,Norman Wells,65.282,-126.8329,26.64,93,40,4.61,scattered clouds,CA,2021-10-12 12:25:12
212,San Cristobal,7.7669,-72.225,71.78,78,56,3.22,broken clouds,VE,2021-10-12 12:25:12
213,Andenes,69.3143,16.1194,42.78,61,75,19.57,broken clouds,NO,2021-10-12 12:25:12
214,Yellowknife,62.456,-114.3525,29.41,95,1,10.36,clear sky,CA,2021-10-12 12:20:52
215,Samarai,-10.6167,150.6667,79.84,86,97,4.32,overcast clouds,PG,2021-10-12 12:25:13
216,Iquique,-20.2208,-70.1431,62.64,70,40,6.76,scattered clouds,CL,2021-10-12 12:22:21
217,Hofn,64.2539,-15.2082,42.57,69,100,8.01,overcast clouds,IS,2021-10-12 12:25:13
218,Namatanai,-3.6667,152.4333,80.53,79,18,8.08,few clouds,PG,2021-10-12 12:25:14
219,Grao Mogol,-16.5594,-42.8897,66.51,87,98,5.73,overcast clouds,BR,2021-10-12 12:25:14
220,Ohara,35.25,140.3833,69.66,89,100,17.05,overcast clouds,JP,2021-10-12 12:25:14
221,Kamphaeng Phet,16.25,99.5,77.43,92,95,4.81,overcast clouds,TH,2021-10-12 12:25:15
222,Taoudenni,22.6783,-3.9836,103.73,6,34,10.51,scattered clouds,ML,2021-10-12 12:25:15
223,Nadym,65.5333,72.5167,29.77,67,99,10.54,overcast clouds,RU,2021-10-12 12:24:17
224,Hithadhoo,-0.6,73.0833,84.0,71,85,17.09,overcast clouds,MV,2021-10-12 12:25:15
225,Cairns,-16.9167,145.7667,74.07,88,41,2.3,scattered clouds,AU,2021-10-12 12:25:16
226,Porto Novo,6.4965,2.6036,85.82,57,81,7.9,broken clouds,BJ,2021-10-12 12:25:16
227,Manokwari,-0.8667,134.0833,81.25,79,18,0.45,few clouds,ID,2021-10-12 12:25:16
228,Qaqortoq,60.7167,-46.0333,32.5,55,51,2.08,broken clouds,GL,2021-10-12 12:25:17
229,Fortuna,40.5982,-124.1573,39.42,58,11,3.51,few clouds,US,2021-10-12 12:25:17
230,Vila Franca Do Campo,37.7167,-25.4333,73.81,77,100,6.13,overcast clouds,PT,2021-10-12 12:25:17
231,Port Hedland,-20.3167,118.5667,73.45,88,7,8.05,clear sky,AU,2021-10-12 12:25:17
232,Mandan,46.8267,-100.8896,44.58,70,90,12.66,overcast clouds,US,2021-10-12 12:25:18
233,Kuloy,61.0305,42.4925,48.52,60,86,8.46,overcast clouds,RU,2021-10-12 12:25:18
234,Itarema,-2.9248,-39.9167,84.87,59,91,15.17,overcast clouds,BR,2021-10-12 12:25:18
235,Igarka,67.4667,86.5833,27.36,78,97,6.33,overcast clouds,RU,2021-10-12 12:24:17
236,La Ronge,55.1001,-105.2842,34.05,93,90,5.75,moderate rain,CA,2021-10-12 12:25:19
237,Port Macquarie,-31.4333,152.9167,58.89,100,90,3.44,overcast clouds,AU,2021-10-12 12:25:19
238,Kavaratti,10.5669,72.642,82.13,79,100,19.98,overcast clouds,IN,2021-10-12 12:25:20
239,Narsaq,60.9167,-46.05,32.22,53,43,4.29,scattered clouds,GL,2021-10-12 12:25:20
240,Sungaipenuh,-2.0833,101.3833,67.28,97,92,1.68,overcast clouds,ID,2021-10-12 12:25:20
241,Monrovia,6.3005,-10.7969,85.77,75,67,4.52,light rain,LR,2021-10-12 12:25:21
242,Pemangkat,1.1667,108.9667,83.08,77,79,11.18,broken clouds,ID,2021-10-12 12:25:21
243,Luderitz,-26.6481,15.1594,67.1,65,77,12.39,broken clouds,NA,2021-10-12 12:25:21
244,Severo-Kurilsk,50.6789,156.125,44.24,83,51,27.76,broken clouds,RU,2021-10-12 12:25:21
245,Rzeszow,50.0413,21.999,52.92,71,75,5.01,broken clouds,PL,2021-10-12 12:25:22
246,Sakakah,29.9697,40.2064,101.77,12,40,5.93,scattered clouds,SA,2021-10-12 12:25:22
247,Tiksi,71.6872,128.8694,21.67,94,99,8.41,overcast clouds,RU,2021-10-12 12:25:22
248,Dafeng,23.4517,108.5881,69.28,70,71,11.1,broken clouds,CN,2021-10-12 12:25:23
249,Kurilsk,45.2333,147.8833,47.79,68,22,3.94,few clouds,RU,2021-10-12 12:25:23
250,Faya,18.3851,42.4509,80.71,13,25,8.39,scattered clouds,SA,2021-10-12 12:25:24
251,Guadalupe Victoria,32.2869,-115.105,62.94,24,0,14.41,clear sky,MX,2021-10-12 12:25:24
252,Alofi,-19.0595,-169.9187,71.49,73,5,5.75,clear sky,NU,2021-10-12 12:25:24
253,Hearst,49.6835,-83.6665,52.05,96,100,1.79,light rain,CA,2021-10-12 12:25:25
254,Acari,-15.4311,-74.6158,66.0,76,99,4.94,overcast clouds,PE,2021-10-12 12:25:25
255,Kavieng,-2.5744,150.7967,83.52,74,32,10.76,scattered clouds,PG,2021-10-12 12:25:25
256,Lucea,18.451,-78.1736,80.85,77,3,6.06,clear sky,JM,2021-10-12 12:25:25
257,Ostrovnoy,68.0531,39.5131,46.0,75,95,18.5,overcast clouds,RU,2021-10-12 12:21:11
258,Sabang,5.8933,95.3214,82.62,80,88,23.38,overcast clouds,ID,2021-10-12 12:25:26
259,Dunedin,-45.8742,170.5036,46.8,74,100,25.99,light rain,NZ,2021-10-12 12:25:26
260,Ambovombe,-25.1667,46.0833,73.62,58,34,18.34,scattered clouds,MG,2021-10-12 12:25:27
261,Nevelsk,46.6733,141.8633,30.63,69,0,4.83,clear sky,RU,2021-10-12 12:25:27
262,Cabo San Lucas,22.8909,-109.9124,82.71,85,40,1.01,scattered clouds,MX,2021-10-12 12:25:27
263,Dzilam Gonzalez,21.2833,-88.9333,73.76,97,28,3.85,scattered clouds,MX,2021-10-12 12:25:28
264,Sabla,12.7525,4.7077,100.02,18,79,3.15,broken clouds,NG,2021-10-12 12:25:28
265,Guerrero Negro,27.9769,-114.0611,64.85,67,20,15.73,few clouds,MX,2021-10-12 12:25:28
266,Goderich,43.7501,-81.7165,64.9,77,99,11.5,overcast clouds,CA,2021-10-12 12:25:29
267,Tasiilaq,65.6145,-37.6368,32.16,58,66,3.13,broken clouds,GL,2021-10-12 12:25:29
268,Puerto Narino,-3.7703,-70.3831,71.55,92,99,1.92,moderate rain,CO,2021-10-12 12:25:29
269,Nhulunbuy,-12.2333,136.7667,79.41,78,21,3.44,few clouds,AU,2021-10-12 12:25:30
270,Dillon,34.4166,-79.3712,68.36,75,99,4.36,overcast clouds,US,2021-10-12 12:25:30
271,Verkhnevilyuysk,63.4453,120.3167,23.2,86,100,11.99,overcast clouds,RU,2021-10-12 12:25:30
272,Kui Buri,12.0828,99.8543,79.7,85,100,12.01,light rain,TH,2021-10-12 12:25:30
273,Rosarito,32.3333,-117.0333,63.55,42,0,17.65,clear sky,MX,2021-10-12 12:25:31
274,Spornoye,50.8448,37.2913,60.82,53,100,10.36,overcast clouds,RU,2021-10-12 12:25:31
275,Visby,57.6409,18.296,48.06,81,40,10.36,scattered clouds,SE,2021-10-12 12:23:47
276,Ballina,-28.8667,153.5667,64.36,88,40,12.66,scattered clouds,AU,2021-10-12 12:25:32
277,Westport,41.1415,-73.3579,63.81,93,1,4.0,clear sky,US,2021-10-12 12:25:32
278,Olinda,-8.0089,-34.8553,82.13,69,75,8.05,broken clouds,BR,2021-10-12 12:25:32
279,Balabac,7.9868,117.0645,82.53,83,100,19.75,overcast clouds,PH,2021-10-12 12:25:33
280,Hervey Bay,-25.2986,152.8535,72.01,88,45,0.87,scattered clouds,AU,2021-10-12 12:25:33
281,Morant Bay,17.8815,-76.4093,82.02,79,24,6.6,few clouds,JM,2021-10-12 12:25:33
282,Bethel,41.3712,-73.414,61.5,93,90,0.0,fog,US,2021-10-12 12:25:33
283,Yarmouth,41.7057,-70.2286,62.04,98,40,3.0,scattered clouds,US,2021-10-12 12:25:34
284,Aripuana,-9.1667,-60.6333,84.51,58,74,4.05,broken clouds,BR,2021-10-12 12:25:34
285,Guangyuan,32.442,105.823,54.5,95,100,3.65,overcast clouds,CN,2021-10-12 12:25:34
286,Sur,22.5667,59.5289,86.36,41,0,7.63,clear sky,OM,2021-10-12 12:25:35
287,Vesoul,47.5833,5.8333,57.43,58,50,7.63,scattered clouds,FR,2021-10-12 12:25:35
288,Nemuro,43.3236,145.575,54.48,73,8,11.34,clear sky,JP,2021-10-12 12:25:35
289,Malayal,7.208,121.942,82.2,85,99,6.33,light rain,PH,2021-10-12 12:25:36
290,Wajir,1.7471,40.0573,94.87,26,100,16.78,overcast clouds,KE,2021-10-12 12:25:36
291,Klaksvik,62.2266,-6.589,45.52,62,62,3.4,broken clouds,FO,2021-10-12 12:25:36
292,Margate,51.3813,1.3862,61.88,74,94,5.99,overcast clouds,GB,2021-10-12 12:25:37
293,Touros,-5.1989,-35.4608,85.1,59,61,14.99,broken clouds,BR,2021-10-12 12:25:37
294,Sholapur,17.6833,75.9167,84.0,48,17,8.77,few clouds,IN,2021-10-12 12:25:38
295,Calabozo,8.9242,-67.4293,77.86,85,34,5.39,light rain,VE,2021-10-12 12:25:38
296,Saint-Augustin,51.226,-58.6502,48.96,61,92,9.71,overcast clouds,CA,2021-10-12 12:25:38
297,Los Llanos De Aridane,28.6585,-17.9182,71.35,90,75,4.61,volcanic ash,ES,2021-10-12 12:25:39
298,Newton,42.337,-71.2092,57.97,96,90,1.01,fog,US,2021-10-12 12:23:10
299,Nushki,29.5542,66.0215,75.38,7,0,6.8,clear sky,PK,2021-10-12 12:25:39
300,Comodoro Rivadavia,-45.8667,-67.5,55.26,44,0,2.3,clear sky,AR,2021-10-12 12:25:39
301,Ust-Maya,60.4167,134.5333,26.42,60,91,11.27,overcast clouds,RU,2021-10-12 12:25:39
302,Bilibino,68.0546,166.4372,-8.59,98,6,4.25,clear sky,RU,2021-10-12 12:25:40
303,Nagaur,27.2,73.7333,92.44,24,0,3.89,clear sky,IN,2021-10-12 12:25:40
304,Dwarka,22.2394,68.9678,85.3,65,0,7.31,clear sky,IN,2021-10-12 12:25:41
305,Hamilton,39.1834,-84.5333,69.24,87,40,1.01,scattered clouds,US,2021-10-12 12:25:14
306,Adre,13.4667,22.2,98.74,19,71,10.07,broken clouds,TD,2021-10-12 12:25:41
307,Huicheng,23.0385,116.2899,80.55,79,100,26.51,light rain,CN,2021-10-12 12:25:41
308,Casino,-28.8667,153.05,62.56,100,100,8.05,overcast clouds,AU,2021-10-12 12:20:45
309,Faanui,-16.4833,-151.75,80.02,78,63,18.21,light rain,PF,2021-10-12 12:25:42
310,Tynda,55.1667,124.7167,32.07,84,100,4.41,overcast clouds,RU,2021-10-12 12:25:42
311,Saint-Ambroise,48.5501,-71.3324,63.14,93,100,2.04,overcast clouds,CA,2021-10-12 12:25:42
312,Te Anau,-45.4167,167.7167,37.69,99,96,2.66,overcast clouds,NZ,2021-10-12 12:25:42
313,Genhe,50.7833,121.5167,39.25,71,100,4.18,overcast clouds,CN,2021-10-12 12:25:43
314,Tomigusuku,26.185,127.675,81.14,86,75,10.36,broken clouds,JP,2021-10-12 12:25:43
315,Praia Da Vitoria,38.7333,-27.0667,71.85,83,20,5.57,few clouds,PT,2021-10-12 12:25:44
316,Vila,42.0304,-8.1588,69.75,42,7,1.48,clear sky,PT,2021-10-12 12:25:44
317,Redwater,33.3582,-94.2544,61.09,91,0,4.99,clear sky,US,2021-10-12 12:25:44
318,Port-Gentil,-0.7193,8.7815,85.96,74,75,11.5,broken clouds,GA,2021-10-12 12:25:45
319,Korla,41.7597,86.1469,57.11,26,5,4.59,clear sky,CN,2021-10-12 12:25:45
320,Akyab,20.15,92.9,83.01,82,64,4.92,moderate rain,MM,2021-10-12 12:25:45
321,Portland,45.5234,-122.6762,42.15,92,40,1.01,scattered clouds,US,2021-10-12 12:23:45
322,Mount Gambier,-37.8333,140.7667,49.91,66,57,5.75,broken clouds,AU,2021-10-12 12:25:46
323,Provideniya,64.3833,-173.3,29.88,89,100,9.46,overcast clouds,RU,2021-10-12 12:25:46
324,San Quintin,30.4833,-115.95,60.67,62,25,9.98,scattered clouds,MX,2021-10-12 12:25:46
325,Emerald,-23.5333,148.1667,77.14,38,17,4.61,light rain,AU,2021-10-12 12:25:46
326,Kamalpur,24.2,91.8333,91.2,82,6,2.3,clear sky,IN,2021-10-12 12:25:47
327,Koson,39.0375,65.585,70.12,16,0,6.24,clear sky,UZ,2021-10-12 12:25:47
328,Songea,-10.6833,35.65,76.12,49,100,6.22,light rain,TZ,2021-10-12 12:25:47
329,Baragua,21.6967,-78.6328,74.98,87,68,3.74,broken clouds,CU,2021-10-12 12:25:48
330,Pangkalanbuun,-2.6833,111.6167,80.46,75,68,4.56,broken clouds,ID,2021-10-12 12:25:48
331,Jalu,29.0331,21.5482,87.4,27,11,9.86,few clouds,LY,2021-10-12 12:25:48
332,Shepsi,44.0361,39.1489,68.38,62,43,6.4,scattered clouds,RU,2021-10-12 12:25:49
333,Sierra Vista,31.5545,-110.3037,60.85,58,1,35.68,clear sky,US,2021-10-12 12:25:49
334,Cap Malheureux,-19.9842,57.6142,79.47,72,34,5.99,scattered clouds,MU,2021-10-12 12:25:49
335,Hundested,55.9667,11.8667,53.91,63,20,5.99,few clouds,DK,2021-10-12 12:22:10
336,Komsomolskiy,40.4272,71.7189,63.82,27,0,2.3,clear sky,UZ,2021-10-12 12:25:50
337,Mayo,38.8876,-76.5119,65.95,94,90,1.99,mist,US,2021-10-12 12:25:50
338,Bambanglipuro,-7.95,110.2833,76.69,78,46,8.28,scattered clouds,ID,2021-10-12 12:25:50
339,Sangar,63.9242,127.4739,19.69,80,82,1.05,broken clouds,RU,2021-10-12 12:25:51
340,Skibbereen,51.55,-9.2667,57.0,63,78,0.56,broken clouds,IE,2021-10-12 12:25:51
341,Hvittingfoss,59.4833,10.0167,55.69,42,40,1.99,scattered clouds,NO,2021-10-12 12:25:51
342,Kahului,20.8947,-156.47,77.02,86,1,20.71,clear sky,US,2021-10-12 12:22:13
343,Glendive,47.1053,-104.7125,38.82,93,90,6.91,light rain,US,2021-10-12 12:25:52
344,Karasjok,69.4719,25.5112,42.91,80,100,13.56,overcast clouds,NO,2021-10-12 12:25:52
345,Bintulu,3.1667,113.0333,82.81,89,20,0.0,few clouds,MY,2021-10-12 12:25:52
346,Dickinson,29.4608,-95.0513,82.49,94,40,5.75,scattered clouds,US,2021-10-12 12:25:53
347,Turukhansk,65.8167,87.9833,25.07,73,76,4.23,broken clouds,RU,2021-10-12 12:25:53
348,Salalah,17.0151,54.0924,84.29,70,0,12.66,clear sky,OM,2021-10-12 12:25:53
349,Kayes,14.0,-11.0,87.49,53,100,2.01,overcast clouds,ML,2021-10-12 12:25:54
350,Lander,42.833,-108.7307,29.98,97,90,5.75,snow,US,2021-10-12 12:21:23
351,Chachapoyas,-6.2317,-77.869,55.09,89,54,3.36,broken clouds,PE,2021-10-12 12:25:54
352,Kruisfontein,-34.0033,24.7314,71.89,36,94,12.71,overcast clouds,ZA,2021-10-12 12:25:54
353,Shingu,33.7333,135.9833,72.07,93,12,3.44,few clouds,JP,2021-10-12 12:25:55
354,Rafaela,-31.2503,-61.4867,73.0,47,15,5.99,few clouds,AR,2021-10-12 12:25:55
355,Petropavlovsk-Kamchatskiy,53.0452,158.6483,41.59,49,20,20.13,few clouds,RU,2021-10-12 12:25:55
356,Nizhniy Kuranakh,58.8353,125.4869,23.4,66,2,8.32,clear sky,RU,2021-10-12 12:25:55
357,Otradnoye,59.7775,30.8181,54.55,46,1,8.79,clear sky,RU,2021-10-12 12:25:56
358,Pacific Grove,36.6177,-121.9166,57.31,76,1,3.0,clear sky,US,2021-10-12 12:23:42
359,Durant,33.994,-96.3708,66.56,90,1,3.44,clear sky,US,2021-10-12 12:22:25
360,Nijkerk,52.217,5.483,58.21,86,98,9.66,overcast clouds,NL,2021-10-12 12:21:00
361,Longyearbyen,78.2186,15.6401,30.04,69,75,16.11,broken clouds,SJ,2021-10-12 12:25:56
362,Berlevag,70.8578,29.0864,42.6,87,75,21.85,light intensity shower rain,NO,2021-10-12 12:25:57
363,Altamira,-3.2033,-52.2064,84.29,74,40,6.91,scattered clouds,BR,2021-10-12 12:25:57
364,Swan River,52.1058,-101.2676,33.69,80,100,9.22,overcast clouds,CA,2021-10-12 12:25:58
365,Zemio,5.0314,25.1361,80.71,65,99,8.25,overcast clouds,CF,2021-10-12 12:25:58
366,Sao Filipe,14.8961,-24.4956,81.18,69,2,9.06,clear sky,CV,2021-10-12 12:25:58
367,Kalmunai,7.4167,81.8167,86.02,60,97,1.32,light rain,LK,2021-10-12 12:25:58
368,Kedrovyy,56.1667,91.8167,27.01,70,100,2.44,overcast clouds,RU,2021-10-12 12:25:59
369,Porto Belo,-27.1578,-48.5531,69.96,94,100,11.16,overcast clouds,BR,2021-10-12 12:25:59
370,Zyryanka,65.75,150.85,21.24,80,100,3.85,overcast clouds,RU,2021-10-12 12:25:59
371,Kempele,64.9131,25.5034,45.12,93,75,8.05,broken clouds,FI,2021-10-12 12:26:00
372,Katsuura,35.1333,140.3,69.82,88,100,18.41,overcast clouds,JP,2021-10-12 12:26:00
373,Kontagora,10.3999,5.4695,95.0,33,82,2.8,broken clouds,NG,2021-10-12 12:26:00
374,Andilamena,-17.0167,48.5833,74.86,49,29,12.28,scattered clouds,MG,2021-10-12 12:26:01
375,Chabahar,25.2919,60.643,83.35,42,0,11.14,clear sky,IR,2021-10-12 12:26:01
376,Chowchilla,37.123,-120.2602,53.51,34,1,9.22,clear sky,US,2021-10-12 12:26:01
377,Ust-Karsk,52.7011,118.8077,44.44,73,100,3.4,overcast clouds,RU,2021-10-12 12:26:01
378,Pasighat,28.0667,95.3333,80.33,87,7,2.42,clear sky,IN,2021-10-12 12:26:02
379,Port Hardy,50.6996,-127.4199,46.58,87,90,18.41,light intensity shower rain,CA,2021-10-12 12:26:02
380,Kamaishi,39.2667,141.8833,59.9,79,96,8.23,overcast clouds,JP,2021-10-12 12:26:02
381,Antofagasta,-23.65,-70.4,58.28,74,40,6.87,scattered clouds,CL,2021-10-12 12:22:27
382,Vostok,46.4856,135.8833,37.42,64,0,3.67,clear sky,RU,2021-10-12 12:26:03
383,Ambulu,-8.345,113.6058,75.94,82,70,4.29,broken clouds,ID,2021-10-12 12:26:03
384,Ossora,59.2353,163.0719,31.8,79,39,4.63,scattered clouds,RU,2021-10-12 12:26:04
385,Gizo,-8.103,156.8419,82.29,75,75,6.76,broken clouds,SB,2021-10-12 12:26:04
386,Barcelos,41.5388,-8.6151,78.48,31,9,4.27,clear sky,PT,2021-10-12 12:26:04
387,Chateaubelair,13.2833,-61.25,79.41,89,40,2.3,scattered clouds,VC,2021-10-12 12:26:05
388,Avera,33.194,-82.5271,64.38,94,0,4.83,clear sky,US,2021-10-12 12:26:05
389,Port-Cartier,50.0334,-66.8654,53.82,85,91,2.01,overcast clouds,CA,2021-10-12 12:26:05
390,Upington,-28.4478,21.2561,97.18,13,0,12.66,clear sky,ZA,2021-10-12 12:26:06
391,Ischia,40.7342,13.9471,70.45,61,54,1.01,broken clouds,IT,2021-10-12 12:26:06
392,Nogliki,51.8333,143.1667,45.97,73,67,17.09,broken clouds,RU,2021-10-12 12:26:06
393,Lagunas,-5.2269,-75.6753,73.71,96,78,1.39,broken clouds,PE,2021-10-12 12:26:07
394,Kandrian,-6.2167,149.55,78.12,90,21,4.52,few clouds,PG,2021-10-12 12:26:07
395,Haines Junction,60.7522,-137.5108,31.95,100,100,1.14,light snow,CA,2021-10-12 12:26:07
396,Balkhash,46.844,74.9804,45.21,33,0,6.71,clear sky,KZ,2021-10-12 12:26:08
397,Kununurra,-15.7667,128.7333,84.18,54,41,6.91,scattered clouds,AU,2021-10-12 12:26:08
398,Novosibirsk,55.0411,82.9344,33.73,59,0,4.47,clear sky,RU,2021-10-12 12:25:10
399,Paraiso,9.8383,-83.8656,63.95,93,35,1.5,scattered clouds,CR,2021-10-12 12:26:08
400,Skelleftea,64.7507,20.9528,52.0,55,40,1.99,scattered clouds,SE,2021-10-12 12:26:09
401,Roald,62.5833,6.1333,47.91,76,75,9.22,light rain,NO,2021-10-12 12:26:09
402,Sadiqabad,28.3062,70.1307,97.54,10,0,4.76,clear sky,PK,2021-10-12 12:26:09
403,Dyurtyuli,55.4911,54.8688,54.79,64,100,7.16,overcast clouds,RU,2021-10-12 12:26:10
404,Wanning,18.8003,110.3967,75.36,76,95,18.48,light rain,CN,2021-10-12 12:26:10
405,Ambajogai,18.7333,76.3833,79.45,65,10,5.73,clear sky,IN,2021-10-12 12:26:10
406,Lensk,60.7253,114.9278,25.16,67,26,8.97,scattered clouds,RU,2021-10-12 12:26:10
407,Mar Del Plata,-38.0023,-57.5575,64.0,62,75,11.01,mist,AR,2021-10-12 12:24:33
408,Baracoa,20.3467,-74.4958,80.65,82,48,3.83,scattered clouds,CU,2021-10-12 12:26:11
409,Beloha,-25.1667,45.05,80.94,37,19,15.55,few clouds,MG,2021-10-12 12:26:11
410,Hanmer Springs,-42.5167,172.8167,32.65,94,92,3.83,overcast clouds,NZ,2021-10-12 12:26:11
411,Hambantota,6.1241,81.1185,82.74,83,20,5.75,few clouds,LK,2021-10-12 12:26:12
412,Biak,-0.9131,122.8766,78.1,82,62,2.89,broken clouds,ID,2021-10-12 12:26:12
413,Kendari,-3.945,122.4989,77.61,89,17,2.01,few clouds,ID,2021-10-12 12:26:12
414,Husavik,66.0449,-17.3389,31.91,63,70,8.12,light snow,IS,2021-10-12 12:26:13
415,Vestmannaeyjar,63.4427,-20.2734,47.39,93,90,20.71,light intensity drizzle,IS,2021-10-12 12:26:13
416,Tigil,57.8,158.6667,35.49,78,100,8.57,overcast clouds,RU,2021-10-12 12:26:13
417,Maningrida,-12.0667,134.2667,80.42,71,60,4.74,broken clouds,AU,2021-10-12 12:26:14
418,Kathu,7.9178,98.3332,82.69,92,100,14.56,overcast clouds,TH,2021-10-12 12:26:14
419,Tambura,5.6,27.4667,82.35,62,99,4.63,light rain,SS,2021-10-12 12:26:14
420,Tomatlan,19.9333,-105.25,72.12,94,96,3.24,overcast clouds,MX,2021-10-12 12:26:14
421,Daru,-9.0763,143.2092,79.02,88,52,10.13,broken clouds,PG,2021-10-12 12:26:15
422,Ornskoldsvik,63.2909,18.7153,49.15,66,75,11.5,broken clouds,SE,2021-10-12 12:26:15
423,Petrov Val,50.1434,45.2096,61.43,31,23,14.32,few clouds,RU,2021-10-12 12:26:15
424,Mount Isa,-20.7333,139.5,78.57,57,7,10.36,light rain,AU,2021-10-12 12:26:16
425,Ushtobe,45.2514,77.9838,46.11,51,84,7.9,broken clouds,KZ,2021-10-12 12:26:16
426,Pevek,69.7008,170.3133,14.77,90,99,3.85,overcast clouds,RU,2021-10-12 12:26:16
427,Goose Creek,32.981,-80.0326,67.08,96,20,1.01,few clouds,US,2021-10-12 12:25:33
428,Gimli,50.6336,-96.9907,39.22,81,13,6.91,few clouds,CA,2021-10-12 12:26:17
429,Trairi,-3.2778,-39.2689,86.23,56,68,14.09,broken clouds,BR,2021-10-12 12:24:23
430,Olafsvik,64.8945,-23.7142,43.11,85,100,11.74,moderate rain,IS,2021-10-12 12:26:17
431,Zhuhai,22.2769,113.5678,77.97,65,40,29.93,light rain,CN,2021-10-12 12:26:17
432,Lompoc,34.6391,-120.4579,53.56,82,1,8.05,mist,US,2021-10-12 12:26:18
433,Mogadishu,2.0371,45.3438,84.07,84,75,18.41,light rain,SO,2021-10-12 12:26:18
434,Buckeye,33.3703,-112.5838,60.12,34,0,5.75,clear sky,US,2021-10-12 12:26:19
435,West Plains,36.7281,-91.8524,53.1,95,1,1.01,clear sky,US,2021-10-12 12:26:19
436,Tautira,-17.7333,-149.15,77.02,81,43,16.69,scattered clouds,PF,2021-10-12 12:26:19
437,Baruun-Urt,46.6806,113.2792,45.64,32,93,8.84,overcast clouds,MN,2021-10-12 12:26:19
438,La Roche-Sur-Yon,46.6667,-1.4333,62.04,67,0,8.05,clear sky,FR,2021-10-12 12:26:20
439,Brae,60.3964,-1.353,49.91,64,100,8.84,overcast clouds,GB,2021-10-12 12:26:20
440,Leuwiliang,-6.5745,106.6344,85.57,72,87,5.01,overcast clouds,ID,2021-10-12 12:26:20
441,Kouango,4.9934,19.9619,77.27,82,100,7.47,overcast clouds,CF,2021-10-12 12:26:20
442,Naustdal,61.509,5.7168,48.96,92,93,2.3,overcast clouds,NO,2021-10-12 12:26:21
443,Pierre,44.3683,-100.351,45.05,80,1,4.0,clear sky,US,2021-10-12 12:26:21
444,Talnakh,69.4865,88.3972,15.91,95,98,2.91,overcast clouds,RU,2021-10-12 12:26:21
445,Prince Rupert,54.3161,-130.3201,46.09,85,90,23.02,moderate rain,CA,2021-10-12 12:25:25
446,Grand Gaube,-20.0064,57.6608,79.38,72,37,5.99,scattered clouds,MU,2021-10-12 12:26:22
447,Ovalle,-30.5983,-71.2003,54.18,77,94,3.31,overcast clouds,CL,2021-10-12 12:26:22
448,Saint Anthony,45.0205,-93.218,58.6,86,90,1.99,overcast clouds,US,2021-10-12 12:26:22
449,Katghora,22.5,82.55,77.49,58,77,4.29,broken clouds,IN,2021-10-12 12:26:23
450,Itamaraca,-7.7478,-34.8256,83.08,68,69,9.19,broken clouds,BR,2021-10-12 12:26:23
451,Rivera,-30.9053,-55.5508,64.29,77,3,5.64,clear sky,UY,2021-10-12 12:26:23
452,Tinqueux,49.25,3.9833,59.04,72,75,10.36,broken clouds,FR,2021-10-12 12:26:24
453,Petatlan,17.5167,-101.2667,76.8,87,52,3.09,broken clouds,MX,2021-10-12 12:26:24
454,Kudahuvadhoo,2.6708,72.8944,83.35,76,33,16.37,scattered clouds,MV,2021-10-12 12:26:24
455,Seoul,37.5683,126.9778,63.97,63,0,4.61,clear sky,KR,2021-10-12 12:21:32
456,Nouakchott,18.0858,-15.9785,82.33,55,100,15.1,overcast clouds,MR,2021-10-12 12:26:24
457,Hastings,50.8552,0.5729,62.2,72,100,11.86,overcast clouds,GB,2021-10-12 12:26:25
458,Atar,20.5169,-13.0499,102.25,16,0,0.0,clear sky,MR,2021-10-12 12:26:25
459,Hami,42.8,93.45,55.2,30,19,1.54,few clouds,CN,2021-10-12 12:26:26
460,Ekuvukeni,-28.4675,30.1551,91.87,11,2,3.06,clear sky,ZA,2021-10-12 12:26:26
461,Sibu,2.3,111.8167,84.51,84,20,0.0,few clouds,MY,2021-10-12 12:26:26
462,Wagar,16.1525,36.2032,99.45,28,81,3.74,broken clouds,SD,2021-10-12 12:26:27
463,Cam Ranh,11.9214,109.1591,80.56,89,40,1.14,scattered clouds,VN,2021-10-12 12:26:27
464,Thinadhoo,0.5333,72.9333,83.68,70,53,16.8,broken clouds,MV,2021-10-12 12:26:27
465,Agadez,19.75,10.25,95.88,7,27,8.66,scattered clouds,NE,2021-10-12 12:26:27
466,College,64.8569,-147.8028,30.15,82,40,9.22,scattered clouds,US,2021-10-12 12:24:28
467,Harper,4.375,-7.7169,79.86,83,97,7.61,light rain,LR,2021-10-12 12:26:28
468,Rocha,-34.4833,-54.3333,61.39,97,100,6.13,overcast clouds,UY,2021-10-12 12:26:28
469,Masunga,-20.6246,27.4488,84.76,8,0,10.54,clear sky,BW,2021-10-12 12:26:28
470,Bereda,43.2686,-7.5406,70.0,66,5,3.36,clear sky,ES,2021-10-12 12:26:29
471,Sorong,-0.8833,131.25,82.29,79,56,2.1,broken clouds,ID,2021-10-12 12:26:29
472,Kizema,61.113,44.8302,47.93,64,86,7.49,overcast clouds,RU,2021-10-12 12:26:29
473,Yenagoa,4.9247,6.2642,92.44,56,87,2.13,overcast clouds,NG,2021-10-12 12:26:30
474,Kalur Kot,32.1564,71.2594,92.91,13,0,7.52,clear sky,PK,2021-10-12 12:26:30
475,Nouadhibou,20.931,-17.0347,75.18,69,3,12.66,clear sky,MR,2021-10-12 12:26:30
476,Whithorn,18.2604,-78.0378,78.44,84,6,3.6,clear sky,JM,2021-10-12 12:26:31
477,Paita,-5.0892,-81.1144,64.96,85,98,12.41,overcast clouds,PE,2021-10-12 12:26:31
478,Buala,-8.145,159.5921,80.31,82,87,5.41,overcast clouds,SB,2021-10-12 12:26:31
479,San Miguel,13.4833,-88.1833,76.66,83,20,6.91,few clouds,SV,2021-10-12 12:26:32
480,Fez,34.0372,-4.9998,86.25,26,20,8.05,few clouds,MA,2021-10-12 12:26:32
481,Taguatinga,-12.3857,-46.5711,88.11,43,44,3.65,scattered clouds,BR,2021-10-12 12:26:32
482,Kerrville,30.0474,-99.1403,74.12,95,90,3.0,mist,US,2021-10-12 12:23:23
483,Mehamn,71.0357,27.8492,40.91,86,100,19.64,overcast clouds,NO,2021-10-12 12:26:33
484,Viedma,-40.8135,-62.9967,67.01,47,96,13.42,overcast clouds,AR,2021-10-12 12:26:33
485,Kungurtug,50.5994,97.5228,34.23,81,100,3.27,overcast clouds,RU,2021-10-12 12:26:33
486,Chumikan,54.7183,135.315,49.44,65,99,24.32,overcast clouds,RU,2021-10-12 12:26:33
487,Bosaso,11.2842,49.1816,87.78,74,0,13.8,clear sky,SO,2021-10-12 12:26:34
488,Mahina,-17.5065,-149.489,76.77,78,75,8.05,light rain,PF,2021-10-12 12:26:34
489,Thetford Mines,46.0913,-71.3013,54.23,92,100,3.0,overcast clouds,CA,2021-10-12 12:26:34
490,Jurm,36.8648,70.8342,59.97,18,0,6.35,clear sky,AF,2021-10-12 12:26:35
491,Borogontsy,62.6683,131.1683,22.3,65,62,8.19,broken clouds,RU,2021-10-12 12:26:35
492,Atasu,48.6814,71.6433,40.96,37,10,2.35,clear sky,KZ,2021-10-12 12:26:35
493,Padang,-0.9492,100.3543,80.65,79,86,1.88,overcast clouds,ID,2021-10-12 12:26:36
494,Ngunguru,-35.6167,174.5,48.16,85,9,9.04,clear sky,NZ,2021-10-12 12:26:36
495,Marsa Matruh,31.3525,27.2453,80.6,50,2,11.32,clear sky,EG,2021-10-12 12:26:36
496,Fuerte Olimpo,-21.0415,-57.8738,82.35,63,4,4.63,clear sky,PY,2021-10-12 12:26:37
497,Morro Bay,35.3658,-120.8499,55.13,65,0,4.0,clear sky,US,2021-10-12 12:26:37
498,Peno,56.9262,32.7426,49.73,57,100,7.14,light rain,RU,2021-10-12 12:26:38
499,Maarianhamina,60.0973,19.9348,48.06,81,90,10.36,overcast clouds,AX,2021-10-12 12:26:38
500,Shiyan,32.6475,110.7781,60.4,71,4,2.42,light rain,CN,2021-10-12 12:26:38
501,Grand Forks,47.9417,-97.4337,37.33,87,1,8.05,clear sky,US,2021-10-12 12:26:38
502,Raudeberg,61.9875,5.1352,44.87,86,91,1.99,overcast clouds,NO,2021-10-12 12:26:39
503,Leh,34.1667,77.5833,48.49,12,7,5.21,clear sky,IN,2021-10-12 12:26:39
504,Rudnichnyy,59.617,52.4703,46.38,67,97,6.6,overcast clouds,RU,2021-10-12 12:26:39
505,Kongolo,-5.3833,27.0,81.91,60,100,4.9,overcast clouds,CD,2021-10-12 12:26:40
506,The Pas,53.8251,-101.2541,39.22,87,90,12.66,overcast clouds,CA,2021-10-12 12:26:40
507,Muroto,33.2833,134.15,76.69,83,50,10.71,scattered clouds,JP,2021-10-12 12:26:40
508,Caluquembe,-13.7833,14.6833,92.86,15,3,7.67,clear sky,AO,2021-10-12 12:26:41
509,Blagoyevo,63.3667,47.9167,44.64,72,97,9.15,overcast clouds,RU,2021-10-12 12:26:41
510,Balsas,-7.5325,-46.0356,90.36,43,63,4.79,broken clouds,BR,2021-10-12 12:24:32
511,Lewiston,44.1003,-70.2148,56.39,97,82,2.08,broken clouds,US,2021-10-12 12:24:07
512,Ahipara,-35.1667,173.1667,52.57,78,25,10.76,light rain,NZ,2021-10-12 12:26:42
513,Cheney,47.4874,-117.5758,34.18,71,1,4.61,clear sky,US,2021-10-12 12:26:42
514,Moron,-34.6534,-58.6198,64.02,92,100,2.35,overcast clouds,AR,2021-10-12 12:26:43
515,Onega,63.9061,38.1404,46.29,68,65,12.08,broken clouds,RU,2021-10-12 12:26:43
516,Tucuman,-26.8241,-65.2226,75.2,50,75,5.75,broken clouds,AR,2021-10-12 12:26:43
517,Aseri,59.4506,26.8675,48.43,65,99,13.09,overcast clouds,EE,2021-10-12 12:26:44
518,Baykit,61.67,96.37,23.32,67,100,1.99,overcast clouds,RU,2021-10-12 12:26:44
519,Artyshta,54.1222,86.2909,25.83,90,99,3.49,overcast clouds,RU,2021-10-12 12:26:44
520,Nan,18.8333,100.6667,74.48,95,55,0.34,broken clouds,TH,2021-10-12 12:26:45
521,Osa,57.2829,55.4567,51.6,60,100,5.39,overcast clouds,RU,2021-10-12 12:26:45
522,Whitianga,-36.8333,175.7,51.03,63,45,12.55,scattered clouds,NZ,2021-10-12 12:26:45
523,Axim,4.8699,-2.2405,83.05,76,33,6.91,light rain,GH,2021-10-12 12:26:46
524,Shuya,56.8487,41.3883,53.98,47,46,8.14,scattered clouds,RU,2021-10-12 12:26:46
525,Tornio,65.8481,24.1466,42.82,93,100,9.98,light rain,FI,2021-10-12 12:26:46
526,Cauquenes,-35.9671,-72.3225,52.38,78,34,7.52,scattered clouds,CL,2021-10-12 12:26:46
527,Grindavik,63.8424,-22.4338,46.35,93,90,23.02,overcast clouds,IS,2021-10-12 12:26:47
528,Trinidad,-14.8333,-64.9,76.98,83,40,6.91,scattered clouds,BO,2021-10-12 12:26:47
529,Astana,51.1801,71.446,44.55,39,0,13.42,clear sky,KZ,2021-10-12 12:24:05
530,Alyangula,-13.8483,136.4192,76.87,88,26,0.0,scattered clouds,AU,2021-10-12 12:26:47
531,Marquette,46.5333,-87.6335,56.34,96,100,9.08,light rain,US,2021-10-12 12:26:48
532,Arkhangelsk,64.5401,40.5433,48.31,61,0,6.71,clear sky,RU,2021-10-12 12:26:48
533,Kalangala,-0.3089,32.225,70.95,67,94,11.27,overcast clouds,UG,2021-10-12 12:26:48
534,Abuyog,10.6667,125.05,78.26,85,100,3.8,overcast clouds,PH,2021-10-12 12:26:48
535,Whitecourt,54.1502,-115.6855,24.04,93,1,2.3,clear sky,CA,2021-10-12 12:26:49
536,Kamina,-8.7386,24.9906,89.17,30,99,9.01,overcast clouds,CD,2021-10-12 12:26:49
537,Sola,-13.8833,167.55,79.47,94,40,0.0,scattered clouds,VU,2021-10-12 12:26:49
538,Palamos,41.8484,3.1291,76.78,47,47,1.99,scattered clouds,ES,2021-10-12 12:26:50
539,Jieshi,22.8134,115.8257,78.94,82,100,31.41,light rain,CN,2021-10-12 12:26:50
540,Thohoyandou,-22.9456,30.485,86.2,12,0,4.63,clear sky,ZA,2021-10-12 12:26:51
541,Codrington,-38.2667,141.9667,50.02,84,85,10.25,overcast clouds,AU,2021-10-12 12:26:51
542,Bull Savanna,17.8868,-77.5902,75.79,74,3,3.87,clear sky,JM,2021-10-12 12:26:52
543,Nelson Bay,-32.7167,152.15,58.08,97,100,1.01,light rain,AU,2021-10-12 12:26:52
544,Camana,-16.6228,-72.7111,63.19,83,100,7.14,overcast clouds,PE,2021-10-12 12:26:52
545,Sao Jose Da Coroa Grande,-8.8978,-35.1478,81.14,65,48,11.41,scattered clouds,BR,2021-10-12 12:26:52
546,Kalinovo,57.1317,60.1464,52.84,66,100,8.77,overcast clouds,RU,2021-10-12 12:26:53
547,Dhuwaran,22.2333,72.8,93.54,54,33,7.05,scattered clouds,IN,2021-10-12 12:26:53
548,Pinsk,52.1229,26.0951,51.26,49,100,6.55,overcast clouds,BY,2021-10-12 12:26:53
549,Bandarbeyla,9.4942,50.8122,85.46,64,98,25.23,overcast clouds,SO,2021-10-12 12:26:54
550,Zhigansk,66.7697,123.3711,17.76,91,100,6.71,overcast clouds,RU,2021-10-12 12:26:54
551,Lira,2.235,32.9097,77.04,71,98,5.61,moderate rain,UG,2021-10-12 12:26:54
552,Buraydah,26.326,43.975,102.65,9,1,0.4,clear sky,SA,2021-10-12 12:26:55
553,Booue,-0.0921,11.9385,85.35,72,99,2.84,light rain,GA,2021-10-12 12:26:55
554,Lincoln,40.8,-96.667,50.61,81,1,0.0,haze,US,2021-10-12 12:25:55
555,Smithers,54.7804,-127.1743,41.32,70,75,8.05,broken clouds,CA,2021-10-12 12:26:55
556,Kinablangan,7.6947,126.5503,81.48,82,99,5.97,overcast clouds,PH,2021-10-12 12:26:55
557,Westerland,54.9079,8.3033,54.01,81,75,19.57,broken clouds,DE,2021-10-12 12:26:56
558,Fairbanks,64.8378,-147.7164,30.16,81,1,0.0,clear sky,US,2021-10-12 12:26:56
559,Petrokamenskoye,57.716,60.6484,49.53,70,100,6.42,overcast clouds,RU,2021-10-12 12:26:56
560,Nyurba,63.2842,118.3319,23.45,80,100,13.22,overcast clouds,RU,2021-10-12 12:26:57
561,Rockport,28.0206,-97.0544,83.05,89,1,1.01,clear sky,US,2021-10-12 12:26:07
562,Mayumba,-3.432,10.6554,79.99,79,94,8.34,overcast clouds,GA,2021-10-12 12:26:57
563,Upata,8.0086,-62.3989,77.2,82,70,7.63,broken clouds,VE,2021-10-12 12:26:57
564,Lazaro Cardenas,17.9583,-102.2,75.87,88,53,4.03,broken clouds,MX,2021-10-12 12:26:58
565,Quatre Cocos,-20.2078,57.7625,79.09,69,17,7.52,few clouds,MU,2021-10-12 12:26:58
566,Kimbe,-5.5502,150.1429,78.82,87,57,1.97,broken clouds,PG,2021-10-12 12:26:58
567,Mikhaylovskoye,51.8239,79.7172,37.36,36,100,5.14,overcast clouds,RU,2021-10-12 12:26:59
568,Ozernovskiy,51.5,156.5167,44.22,82,99,23.8,light rain,RU,2021-10-12 12:26:59
569,Inverell,-29.7833,151.1167,59.67,82,95,1.99,overcast clouds,AU,2021-10-12 12:26:59
570,Verkhniye Tatyshly,56.2912,55.8575,52.18,75,100,7.52,overcast clouds,RU,2021-10-12 12:27:00
571,Maroantsetra,-15.4333,49.7333,74.05,81,100,8.1,overcast clouds,MG,2021-10-12 12:27:00
572,Yar-Sale,66.8333,70.8333,29.86,78,99,11.5,overcast clouds,RU,2021-10-12 12:27:00
573,Doba,8.65,16.85,93.09,44,87,6.71,overcast clouds,TD,2021-10-12 12:27:00
574,Inta,66.0317,60.1659,34.5,96,100,7.87,light rain,RU,2021-10-12 12:27:01
575,Lasa,46.6166,10.7002,52.7,56,100,5.41,overcast clouds,IT,2021-10-12 12:27:01
576,Deputatskiy,69.3,139.9,19.9,96,100,0.2,light snow,RU,2021-10-12 12:27:02
577,Labuhan,-6.8844,112.2051,84.22,65,79,8.03,broken clouds,ID,2021-10-12 12:27:02
578,Sosnovo-Ozerskoye,52.5249,111.5418,38.21,65,98,2.95,overcast clouds,RU,2021-10-12 12:27:03
579,Tilichiki,60.4667,166.1,21.02,68,2,5.99,clear sky,RU,2021-10-12 12:27:03
580,Rincon,32.296,-81.2354,67.91,99,20,3.44,fog,US,2021-10-12 12:27:04
581,Asosa,10.0667,34.5333,73.04,72,100,3.42,moderate rain,ET,2021-10-12 12:27:04
582,Leua,48.2156,18.6071,57.49,47,10,13.06,clear sky,SK,2021-10-12 12:27:05
583,Angoche,-16.2325,39.9086,78.21,59,75,16.22,broken clouds,MZ,2021-10-12 12:27:05
584,Udachnyy,66.4167,112.4,15.8,92,100,25.28,light snow,RU,2021-10-12 12:27:05
585,Escarcega,18.6089,-90.7454,73.09,92,69,3.53,broken clouds,MX,2021-10-12 12:27:06
586,Challapata,-18.9,-66.7667,52.48,63,84,5.66,broken clouds,BO,2021-10-12 12:27:06
587,Porosozero,62.7191,32.727,43.54,77,88,10.16,overcast clouds,RU,2021-10-12 12:27:06
588,Camalu,30.85,-116.0667,59.7,59,26,7.05,scattered clouds,MX,2021-10-12 12:27:07
589,Savannah Bight,16.45,-85.85,82.0,78,19,11.12,few clouds,HN,2021-10-12 12:27:07
590,Kathmandu,27.7167,85.3167,75.42,78,20,4.61,few clouds,NP,2021-10-12 12:27:08
591,Pringsewu,-5.3582,104.9744,77.16,82,66,6.91,broken clouds,ID,2021-10-12 12:27:08
592,Hasaki,35.7333,140.8333,66.6,87,100,19.62,overcast clouds,JP,2021-10-12 12:27:08
593,Chatrapur,19.35,84.9833,82.83,77,79,2.8,broken clouds,IN,2021-10-12 12:27:09
594,Keningau,5.3378,116.1602,81.05,94,100,1.92,overcast clouds,MY,2021-10-12 12:27:09
595,Gbadolite,4.2833,21.0167,85.59,60,94,7.36,overcast clouds,CD,2021-10-12 12:27:09
596,Galesong,-5.3166,119.3661,78.82,73,85,9.66,overcast clouds,ID,2021-10-12 12:27:09
597,Katangi,23.45,79.7833,88.86,54,0,3.56,clear sky,IN,2021-10-12 12:27:10
598,Rudbar,30.15,62.6,73.83,10,0,10.51,clear sky,AF,2021-10-12 12:27:10
599,Bud,39.447,-86.1758,63.55,90,1,9.17,clear sky,US,2021-10-12 12:27:10
600,Dudinka,69.4058,86.1778,20.95,93,74,5.84,broken clouds,RU,2021-10-12 12:27:11
601,Okha,53.5739,142.9478,43.02,75,55,13.56,broken clouds,RU,2021-10-12 12:27:11
602,Harsud,22.1,76.7333,83.7,60,5,3.76,clear sky,IN,2021-10-12 12:27:11
603,Soe,-9.8607,124.284,68.22,80,62,3.42,broken clouds,ID,2021-10-12 12:27:11
604,Vanavara,60.34,102.2797,23.27,53,72,3.2,broken clouds,RU,2021-10-12 12:27:12
605,Pangnirtung,66.1451,-65.7125,28.4,100,90,5.75,fog,CA,2021-10-12 12:27:12
606,Eucaliptus,-17.5833,-67.5167,42.49,67,100,8.37,overcast clouds,BO,2021-10-12 12:27:12
607,Tabou,4.423,-7.3528,80.37,82,89,6.73,light rain,CI,2021-10-12 12:27:13
608,Qingyuan,23.7,113.0333,73.38,72,99,13.62,overcast clouds,CN,2021-10-12 12:27:13
609,Gibara,21.1097,-76.1317,72.72,82,92,4.45,overcast clouds,CU,2021-10-12 12:27:13
610,Zinder,13.8072,8.9881,100.36,14,0,6.91,clear sky,NE,2021-10-12 12:27:14
611,Fasa,28.9383,53.6482,87.04,14,0,4.61,clear sky,IR,2021-10-12 12:27:15
612,Omboue,-1.5746,9.2618,83.64,70,67,9.15,light rain,GA,2021-10-12 12:27:15
613,Alice Springs,-23.7,133.8833,71.15,28,0,8.05,clear sky,AU,2021-10-12 12:24:02
614,Bolivar,37.6145,-93.4105,54.12,96,19,4.63,few clouds,US,2021-10-12 12:27:15
615,Sochi,43.6,39.7303,68.09,89,5,5.79,clear sky,RU,2021-10-12 12:27:15
616,Desterro,-7.2906,-37.0939,81.39,45,46,10.09,scattered clouds,BR,2021-10-12 12:27:16
617,Neuquen,-38.9516,-68.0591,62.49,63,0,5.75,clear sky,AR,2021-10-12 12:27:16
618,Barra Do Garcas,-15.89,-52.2567,79.38,89,75,0.0,broken clouds,BR,2021-10-12 12:27:16
619,Dhidhdhoo,6.8833,73.1,82.72,81,90,17.83,overcast clouds,MV,2021-10-12 12:27:17
620,Peterhead,57.5058,-1.7981,51.12,64,6,10.71,clear sky,GB,2021-10-12 12:27:17
621,Vilhena,-12.7406,-60.1458,73.62,88,75,11.5,broken clouds,BR,2021-10-12 12:27:17
622,Zhuanghe,39.7008,122.9911,58.75,82,0,5.64,clear sky,CN,2021-10-12 12:27:18
623,Nanakuli,21.3906,-158.1547,78.75,78,20,5.75,few clouds,US,2021-10-12 12:27:18
624,Manicore,-5.8092,-61.3003,80.4,78,95,2.64,overcast clouds,BR,2021-10-12 12:27:18
625,Naze,28.3667,129.4833,77.4,85,91,17.36,light rain,JP,2021-10-12 12:27:18
626,Oyama,36.3,139.8,71.58,77,100,5.86,light rain,JP,2021-10-12 12:27:19
627,Uitenhage,-33.7576,25.3971,73.42,33,75,12.24,broken clouds,ZA,2021-10-12 12:27:19
628,Myaundzha,63.0494,147.1858,8.92,100,99,3.65,overcast clouds,RU,2021-10-12 12:27:19
629,Kovvur,17.0167,81.7333,84.45,79,90,9.22,mist,IN,2021-10-12 12:27:20
630,Solnechnyy,50.7214,136.6319,43.56,66,94,4.85,overcast clouds,RU,2021-10-12 12:27:20
631,Methoni,36.8197,21.7049,66.22,68,73,25.23,broken clouds,GR,2021-10-12 12:27:20
632,Alta Floresta,-9.8756,-56.0861,75.69,86,100,2.62,overcast clouds,BR,2021-10-12 12:27:21
633,San Carlos De Bariloche,-41.1456,-71.3082,44.35,53,0,0.0,clear sky,AR,2021-10-12 12:27:21
634,Jiuquan,39.7432,98.5174,48.88,22,8,6.13,clear sky,CN,2021-10-12 12:27:21
635,Macklin,52.3334,-109.9348,22.33,89,8,4.5,clear sky,CA,2021-10-12 12:27:22
636,Catuday,16.2923,119.8062,80.17,83,100,26.11,overcast clouds,PH,2021-10-12 12:27:22
637,Beira,-19.8436,34.8389,78.89,50,20,12.66,few clouds,MZ,2021-10-12 12:27:22
638,Jequitinhonha,-16.4339,-41.0033,71.08,94,100,2.8,overcast clouds,BR,2021-10-12 12:27:22
639,Gonzales,30.2385,-90.9201,75.97,95,1,0.0,clear sky,US,2021-10-12 12:27:23
640,Mpika,-11.8343,31.4529,76.08,41,97,11.03,overcast clouds,ZM,2021-10-12 12:27:23
641,Mosquera,4.7059,-74.2302,55.49,88,20,4.61,few clouds,CO,2021-10-12 12:27:23
642,Poso,-1.3959,120.7524,80.28,86,96,2.86,overcast clouds,ID,2021-10-12 12:22:41
643,Fulton,33.7668,-84.4499,66.52,91,90,1.01,mist,US,2021-10-12 12:27:24
644,Makhu,31.1033,74.9978,92.03,18,0,2.64,clear sky,IN,2021-10-12 12:27:24
645,Santa Rosa,14.3122,121.1114,82.38,83,100,4.72,overcast clouds,PH,2021-10-12 12:27:24
646,Annau,37.8876,58.516,69.3,16,0,13.8,clear sky,TM,2021-10-12 12:27:25
647,Chimbote,-9.0853,-78.5783,62.6,91,99,4.72,overcast clouds,PE,2021-10-12 12:27:25
648,Nuuk,64.1835,-51.7216,34.41,93,75,1.14,broken clouds,GL,2021-10-12 12:27:25
649,Fomboni,-12.28,43.7425,79.23,75,82,12.35,broken clouds,KM,2021-10-12 12:27:26
650,Ducheng,23.2373,111.5317,66.63,74,66,6.2,broken clouds,CN,2021-10-12 12:27:26
651,La Asuncion,11.0333,-63.8628,81.68,80,19,11.54,few clouds,VE,2021-10-12 12:25:25
652,Asyut,27.181,31.1837,95.25,19,34,12.8,scattered clouds,EG,2021-10-12 12:27:26
653,Kidal,18.4411,1.4078,100.54,6,33,10.36,scattered clouds,ML,2021-10-12 12:27:26
654,Gornopravdinsk,60.05,69.9,33.98,85,100,4.59,overcast clouds,RU,2021-10-12 12:27:27
655,Grants Pass,42.439,-123.3284,35.26,86,1,0.0,clear sky,US,2021-10-12 12:23:34
656,Keti Bandar,24.1447,67.4497,86.65,52,0,9.57,clear sky,PK,2021-10-12 12:27:27
657,Brufut,13.3814,-16.7518,87.89,84,75,5.75,broken clouds,GM,2021-10-12 12:27:27
658,Tura,25.5198,90.2201,77.22,91,30,3.85,scattered clouds,IN,2021-10-12 12:27:28
659,Shevchenkove,49.6959,37.1735,62.38,51,99,11.59,overcast clouds,UA,2021-10-12 12:27:28
660,Erzin,36.9559,36.2,86.52,44,0,7.65,clear sky,TR,2021-10-12 12:27:28
661,La Macarena,2.1837,-73.7849,72.86,89,60,1.3,broken clouds,CO,2021-10-12 12:27:29
662,Saint-Georges,12.0564,-61.7485,85.68,79,20,16.11,few clouds,GD,2021-10-12 12:27:29
663,Kieta,-6.2167,155.6333,78.96,80,39,2.91,scattered clouds,PG,2021-10-12 12:27:29
664,Farah,32.5,62.5,68.52,10,0,6.33,clear sky,AF,2021-10-12 12:27:30
665,Hrinova,48.5779,19.5257,52.86,47,30,2.95,scattered clouds,SK,2021-10-12 12:27:30
666,Lindsay,36.203,-119.0882,49.48,62,1,9.22,clear sky,US,2021-10-12 12:27:30
667,Todos Santos,23.45,-110.2167,82.2,90,28,6.15,scattered clouds,MX,2021-10-12 12:27:31
668,Rabo De Peixe,37.8,-25.5833,72.91,83,20,5.75,few clouds,PT,2021-10-12 12:27:31
669,Bezopasnoye,45.6483,41.936,73.02,41,27,15.41,scattered clouds,RU,2021-10-12 12:27:31
670,Trebukhiv,50.4843,30.903,59.13,51,0,6.71,light rain,UA,2021-10-12 12:27:31
671,Eyrarbakki,63.863,-21.1481,47.44,89,100,7.31,overcast clouds,IS,2021-10-12 12:27:32
672,Vila Velha,-20.3297,-40.2925,69.75,94,75,8.05,mist,BR,2021-10-12 12:27:32
673,Tikhvin,59.6451,33.5294,52.21,59,97,9.08,light rain,RU,2021-10-12 12:27:32
674,Sergeyevka,53.88,67.4158,51.78,56,85,9.42,overcast clouds,KZ,2021-10-12 12:27:33
675,Pianoro,44.393,11.3423,67.39,64,0,9.22,clear sky,IT,2021-10-12 12:27:33
676,Necochea,-38.5473,-58.7368,59.04,86,7,11.01,clear sky,AR,2021-10-12 12:27:13
677,Ixtapa,20.7,-105.2,78.22,94,20,5.75,few clouds,MX,2021-10-12 12:27:33
678,Nioro,13.35,-15.75,87.8,60,91,3.76,overcast clouds,GM,2021-10-12 12:27:34
679,Gavle,60.6745,17.1417,51.51,67,47,5.99,scattered clouds,SE,2021-10-12 12:27:34
680,Ninghai,29.2892,121.4247,69.48,98,100,5.39,moderate rain,CN,2021-10-12 12:27:34
681,Aguimes,27.9054,-15.4461,74.66,58,20,21.85,few clouds,ES,2021-10-12 12:27:34
682,Teya,60.3778,92.6267,26.38,60,100,0.76,overcast clouds,RU,2021-10-12 12:27:35
683,Honiara,-9.4333,159.95,78.13,87,97,2.66,overcast clouds,SB,2021-10-12 12:27:35
684,Auki,-8.7676,160.7034,76.89,89,86,4.94,overcast clouds,SB,2021-10-12 12:27:35
685,Gulbarga,17.3333,76.8333,82.42,58,8,5.17,clear sky,IN,2021-10-12 12:27:36
686,Labrea,-7.2586,-64.7981,83.12,67,86,3.49,overcast clouds,BR,2021-10-12 12:27:36
687,Marawi,7.9986,124.2928,72.64,86,89,5.59,light rain,PH,2021-10-12 12:27:36
688,Kyzyl-Suu,42.3414,78.0056,39.36,67,22,9.93,few clouds,KG,2021-10-12 12:27:37
689,Gat,31.61,34.7642,91.4,39,70,11.74,broken clouds,IL,2021-10-12 12:27:37
690,Natal,-5.795,-35.2094,84.85,58,40,16.11,scattered clouds,BR,2021-10-12 12:24:13
691,Waingapu,-9.6567,120.2641,80.62,67,38,2.75,scattered clouds,ID,2021-10-12 12:27:37
692,Kerema,-7.9631,145.7785,78.33,84,75,1.88,broken clouds,PG,2021-10-12 12:27:38
693,Sidi Ali,36.0998,0.4206,71.94,54,100,8.84,overcast clouds,DZ,2021-10-12 12:27:38
694,Moroni,-11.7022,43.2551,82.4,69,40,20.71,light rain,KM,2021-10-12 12:27:38
695,Bonavista,48.6499,-53.1147,46.11,87,95,22.62,overcast clouds,CA,2021-10-12 12:27:38
696,Camopi,3.1655,-52.3158,82.22,72,77,4.09,broken clouds,GF,2021-10-12 12:27:39
697,Fountain,38.6822,-104.7008,51.08,59,1,8.05,clear sky,US,2021-10-12 12:27:39
698,Khonsa,27.0167,95.5667,71.53,96,6,3.33,clear sky,IN,2021-10-12 12:27:39
699,Rio Gallegos,-51.6226,-69.2181,50.05,40,75,16.11,broken clouds,AR,2021-10-12 12:27:40
700,Inyonga,-6.7167,32.0667,92.57,17,99,2.89,overcast clouds,TZ,2021-10-12 12:27:40
701,Singaraja,-8.112,115.0882,77.97,78,43,8.01,scattered clouds,ID,2021-10-12 12:27:40
702,Port Blair,11.6667,92.75,81.0,84,91,17.22,overcast clouds,IN,2021-10-12 12:27:41
703,Chapada Dos Guimaraes,-15.4606,-55.7497,71.26,63,74,3.65,broken clouds,BR,2021-10-12 12:27:41
704,Goma,-1.6792,29.2228,67.35,85,94,4.65,light rain,CD,2021-10-12 12:27:41
705,Kiama,-34.6833,150.8667,60.58,78,99,5.01,overcast clouds,AU,2021-10-12 12:27:42
706,Celakovice,50.1604,14.7501,59.2,52,75,14.97,broken clouds,CZ,2021-10-12 12:27:42
707,Salinopolis,-0.6136,-47.3561,84.51,65,42,12.8,scattered clouds,BR,2021-10-12 12:27:42
708,Palmas De Monte Alto,-14.2672,-43.1619,86.97,41,54,4.76,broken clouds,BR,2021-10-12 12:27:43
709,Pacifica,37.6138,-122.4869,57.58,40,1,1.99,clear sky,US,2021-10-12 12:27:43
710,General Roca,-39.0333,-67.5833,63.0,50,33,10.18,scattered clouds,AR,2021-10-12 12:27:43
711,Bandundu,-3.3167,17.3667,93.45,43,55,5.48,broken clouds,CD,2021-10-12 12:27:44
